spectrum_path,species,part
spectra_data/sample_0_Russula_rosea_stipe.npy,Russula_rosea,stipe
spectra_data/sample_1_Russula_rosea_cap.npy,Russula_rosea,cap
spectra_data/sample_2_Russula_rosea_gills.npy,Russula_rosea,gills
spectra_data/sample_3_Russula_rosea_gills.npy,Russula_rosea,gills
spectra_data/sample_4_Russula_rosea_gills.npy,Russula_rosea,gills
spectra_data/sample_5_Russula_rosea_gills.npy,Russula_rosea,gills
spectra_data/sample_6_Russula_rosea_gills.npy,Russula_rosea,gills
spectra_data/sample_7_Russula_rosea_cap.npy,Russula_rosea,cap
spectra_data/sample_8_Russula_rosea_stipe.npy,Russula_rosea,stipe
spectra_data/sample_9_Russula_rosea_gills.npy,Russula_rosea,gills
spectra_data/sample_10_Russula_rosea_stipe.npy,Russula_rosea,stipe
spectra_data/sample_11_Russula_rosea_stipe.npy,Russula_rosea,stipe
spectra_data/sample_12_Russula_rosea_gills.npy,Russula_rosea,gills
spectra_data/sample_13_Russula_rosea_cap.npy,Russula_rosea,cap
spectra_data/sample_14_Russula_rosea_stipe.npy,Russula_rosea,stipe
spectra_data/sample_15_Russula_rosea_stipe.npy,Russula_rosea,stipe
spectra_data/sample_16_Russula_rosea_stipe.npy,Russula_rosea,stipe
spectra_data/sample_17_Russula_rosea_cap.npy,Russula_rosea,cap
spectra_data/sample_18_Russula_rosea_gills.npy,Russula_rosea,gills
spectra_data/sample_19_Russula_rosea_stipe.npy,Russula_rosea,stipe
spectra_data/sample_20_Russula_rosea_cap.npy,Russula_rosea,cap
spectra_data/sample_21_Russula_rosea_cap.npy,Russula_rosea,cap
spectra_data/sample_22_Russula_rosea_cap.npy,Russula_rosea,cap
spectra_data/sample_23_Russula_rosea_stipe.npy,Russula_rosea,stipe
spectra_data/sample_24_Russula_rosea_cap.npy,Russula_rosea,cap
spectra_data/sample_25_Russula_rosea_cap.npy,Russula_rosea,cap
spectra_data/sample_26_Russula_rosea_gills.npy,Russula_rosea,gills
spectra_data/sample_27_Russula_rosea_stipe.npy,Russula_rosea,stipe
spectra_data/sample_28_Russula_rosea_cap.npy,Russula_rosea,cap
spectra_data/sample_29_Russula_rosea_gills.npy,Russula_rosea,gills
spectra_data/sample_30_Psathyrella_piluliformis_stipe.npy,Psathyrella_piluliformis,stipe
spectra_data/sample_31_Psathyrella_piluliformis_gills.npy,Psathyrella_piluliformis,gills
spectra_data/sample_32_Psathyrella_piluliformis_cap.npy,Psathyrella_piluliformis,cap
spectra_data/sample_33_Psathyrella_piluliformis_cap.npy,Psathyrella_piluliformis,cap
spectra_data/sample_34_Psathyrella_piluliformis_cap.npy,Psathyrella_piluliformis,cap
spectra_data/sample_35_Psathyrella_piluliformis_cap.npy,Psathyrella_piluliformis,cap
spectra_data/sample_36_Psathyrella_piluliformis_gills.npy,Psathyrella_piluliformis,gills
spectra_data/sample_37_Psathyrella_piluliformis_stipe.npy,Psathyrella_piluliformis,stipe
spectra_data/sample_38_Psathyrella_piluliformis_cap.npy,Psathyrella_piluliformis,cap
spectra_data/sample_39_Psathyrella_piluliformis_gills.npy,Psathyrella_piluliformis,gills
spectra_data/sample_40_Psathyrella_piluliformis_cap.npy,Psathyrella_piluliformis,cap
spectra_data/sample_41_Psathyrella_piluliformis_stipe.npy,Psathyrella_piluliformis,stipe
spectra_data/sample_42_Psathyrella_piluliformis_gills.npy,Psathyrella_piluliformis,gills
spectra_data/sample_43_Psathyrella_piluliformis_stipe.npy,Psathyrella_piluliformis,stipe
spectra_data/sample_44_Psathyrella_piluliformis_cap.npy,Psathyrella_piluliformis,cap
spectra_data/sample_45_Psathyrella_piluliformis_gills.npy,Psathyrella_piluliformis,gills
spectra_data/sample_46_Psathyrella_piluliformis_stipe.npy,Psathyrella_piluliformis,stipe
spectra_data/sample_47_Psathyrella_piluliformis_stipe.npy,Psathyrella_piluliformis,stipe
spectra_data/sample_48_Psathyrella_piluliformis_gills.npy,Psathyrella_piluliformis,gills
spectra_data/sample_49_Psathyrella_piluliformis_gills.npy,Psathyrella_piluliformis,gills
spectra_data/sample_50_Psathyrella_piluliformis_stipe.npy,Psathyrella_piluliformis,stipe
spectra_data/sample_51_Psathyrella_piluliformis_gills.npy,Psathyrella_piluliformis,gills
spectra_data/sample_52_Psathyrella_piluliformis_gills.npy,Psathyrella_piluliformis,gills
spectra_data/sample_53_Psathyrella_piluliformis_gills.npy,Psathyrella_piluliformis,gills
spectra_data/sample_54_Psathyrella_piluliformis_stipe.npy,Psathyrella_piluliformis,stipe
spectra_data/sample_55_Psathyrella_piluliformis_stipe.npy,Psathyrella_piluliformis,stipe
spectra_data/sample_56_Psathyrella_piluliformis_cap.npy,Psathyrella_piluliformis,cap
spectra_data/sample_57_Psathyrella_piluliformis_cap.npy,Psathyrella_piluliformis,cap
spectra_data/sample_58_Psathyrella_piluliformis_stipe.npy,Psathyrella_piluliformis,stipe
spectra_data/sample_59_Psathyrella_piluliformis_cap.npy,Psathyrella_piluliformis,cap
spectra_data/sample_60_Hypholoma_fasciculare_cap.npy,Hypholoma_fasciculare,cap
spectra_data/sample_61_Hypholoma_fasciculare_stipe.npy,Hypholoma_fasciculare,stipe
spectra_data/sample_62_Hypholoma_fasciculare_stipe.npy,Hypholoma_fasciculare,stipe
spectra_data/sample_63_Hypholoma_fasciculare_cap.npy,Hypholoma_fasciculare,cap
spectra_data/sample_64_Hypholoma_fasciculare_gills.npy,Hypholoma_fasciculare,gills
spectra_data/sample_65_Hypholoma_fasciculare_cap.npy,Hypholoma_fasciculare,cap
spectra_data/sample_66_Hypholoma_fasciculare_stipe.npy,Hypholoma_fasciculare,stipe
spectra_data/sample_67_Hypholoma_fasciculare_cap.npy,Hypholoma_fasciculare,cap
spectra_data/sample_68_Hypholoma_fasciculare_cap.npy,Hypholoma_fasciculare,cap
spectra_data/sample_69_Hypholoma_fasciculare_gills.npy,Hypholoma_fasciculare,gills
spectra_data/sample_70_Hypholoma_fasciculare_gills.npy,Hypholoma_fasciculare,gills
spectra_data/sample_71_Hypholoma_fasciculare_gills.npy,Hypholoma_fasciculare,gills
spectra_data/sample_72_Hypholoma_fasciculare_stipe.npy,Hypholoma_fasciculare,stipe
spectra_data/sample_73_Hypholoma_fasciculare_gills.npy,Hypholoma_fasciculare,gills
spectra_data/sample_74_Hypholoma_fasciculare_stipe.npy,Hypholoma_fasciculare,stipe
spectra_data/sample_75_Hypholoma_fasciculare_stipe.npy,Hypholoma_fasciculare,stipe
spectra_data/sample_76_Hypholoma_fasciculare_stipe.npy,Hypholoma_fasciculare,stipe
spectra_data/sample_77_Hypholoma_fasciculare_stipe.npy,Hypholoma_fasciculare,stipe
spectra_data/sample_78_Hypholoma_fasciculare_cap.npy,Hypholoma_fasciculare,cap
spectra_data/sample_79_Hypholoma_fasciculare_stipe.npy,Hypholoma_fasciculare,stipe
spectra_data/sample_80_Hypholoma_fasciculare_gills.npy,Hypholoma_fasciculare,gills
spectra_data/sample_81_Hypholoma_fasciculare_gills.npy,Hypholoma_fasciculare,gills
spectra_data/sample_82_Hypholoma_fasciculare_gills.npy,Hypholoma_fasciculare,gills
spectra_data/sample_83_Hypholoma_fasciculare_cap.npy,Hypholoma_fasciculare,cap
spectra_data/sample_84_Hypholoma_fasciculare_gills.npy,Hypholoma_fasciculare,gills
spectra_data/sample_85_Hypholoma_fasciculare_gills.npy,Hypholoma_fasciculare,gills
spectra_data/sample_86_Hypholoma_fasciculare_cap.npy,Hypholoma_fasciculare,cap
spectra_data/sample_87_Hypholoma_fasciculare_cap.npy,Hypholoma_fasciculare,cap
spectra_data/sample_88_Hypholoma_fasciculare_stipe.npy,Hypholoma_fasciculare,stipe
spectra_data/sample_89_Boletus_edulis_cap.npy,Boletus_edulis,cap
spectra_data/sample_90_Boletus_edulis_gills.npy,Boletus_edulis,gills
spectra_data/sample_91_Boletus_edulis_gills.npy,Boletus_edulis,gills
spectra_data/sample_92_Boletus_edulis_gills.npy,Boletus_edulis,gills
spectra_data/sample_93_Boletus_edulis_cap.npy,Boletus_edulis,cap
spectra_data/sample_94_Boletus_edulis_cap.npy,Boletus_edulis,cap
spectra_data/sample_95_Boletus_edulis_cap.npy,Boletus_edulis,cap
spectra_data/sample_96_Boletus_edulis_stipe.npy,Boletus_edulis,stipe
spectra_data/sample_97_Boletus_edulis_cap.npy,Boletus_edulis,cap
spectra_data/sample_98_Boletus_edulis_gills.npy,Boletus_edulis,gills
spectra_data/sample_99_Boletus_edulis_cap.npy,Boletus_edulis,cap
spectra_data/sample_100_Boletus_edulis_gills.npy,Boletus_edulis,gills
spectra_data/sample_101_Boletus_edulis_cap.npy,Boletus_edulis,cap
spectra_data/sample_102_Boletus_edulis_stipe.npy,Boletus_edulis,stipe
spectra_data/sample_103_Boletus_edulis_stipe.npy,Boletus_edulis,stipe
spectra_data/sample_104_Boletus_edulis_gills.npy,Boletus_edulis,gills
spectra_data/sample_105_Boletus_edulis_gills.npy,Boletus_edulis,gills
spectra_data/sample_106_Boletus_edulis_gills.npy,Boletus_edulis,gills
spectra_data/sample_107_Boletus_edulis_cap.npy,Boletus_edulis,cap
spectra_data/sample_108_Boletus_edulis_gills.npy,Boletus_edulis,gills
spectra_data/sample_109_Boletus_edulis_stipe.npy,Boletus_edulis,stipe
spectra_data/sample_110_Boletus_edulis_stipe.npy,Boletus_edulis,stipe
spectra_data/sample_111_Boletus_edulis_cap.npy,Boletus_edulis,cap
spectra_data/sample_112_Boletus_edulis_gills.npy,Boletus_edulis,gills
spectra_data/sample_113_Boletus_edulis_cap.npy,Boletus_edulis,cap
spectra_data/sample_114_Boletus_edulis_stipe.npy,Boletus_edulis,stipe
spectra_data/sample_115_Suillus_bovinus_stipe.npy,Suillus_bovinus,stipe
spectra_data/sample_116_Suillus_bovinus_stipe.npy,Suillus_bovinus,stipe
spectra_data/sample_117_Suillus_bovinus_cap.npy,Suillus_bovinus,cap
spectra_data/sample_118_Suillus_bovinus_gills.npy,Suillus_bovinus,gills
spectra_data/sample_119_Suillus_bovinus_cap.npy,Suillus_bovinus,cap
spectra_data/sample_120_Suillus_bovinus_cap.npy,Suillus_bovinus,cap
spectra_data/sample_121_Suillus_bovinus_gills.npy,Suillus_bovinus,gills
spectra_data/sample_122_Suillus_bovinus_stipe.npy,Suillus_bovinus,stipe
spectra_data/sample_123_Suillus_bovinus_gills.npy,Suillus_bovinus,gills
spectra_data/sample_124_Suillus_bovinus_gills.npy,Suillus_bovinus,gills
spectra_data/sample_125_Suillus_bovinus_stipe.npy,Suillus_bovinus,stipe
spectra_data/sample_126_Suillus_bovinus_stipe.npy,Suillus_bovinus,stipe
spectra_data/sample_127_Suillus_bovinus_cap.npy,Suillus_bovinus,cap
spectra_data/sample_128_Suillus_bovinus_stipe.npy,Suillus_bovinus,stipe
spectra_data/sample_129_Suillus_bovinus_gills.npy,Suillus_bovinus,gills
spectra_data/sample_130_Suillus_bovinus_gills.npy,Suillus_bovinus,gills
spectra_data/sample_131_Suillus_bovinus_stipe.npy,Suillus_bovinus,stipe
spectra_data/sample_132_Suillus_bovinus_stipe.npy,Suillus_bovinus,stipe
spectra_data/sample_133_Suillus_bovinus_cap.npy,Suillus_bovinus,cap
spectra_data/sample_134_Suillus_bovinus_stipe.npy,Suillus_bovinus,stipe
spectra_data/sample_135_Suillus_bovinus_cap.npy,Suillus_bovinus,cap
spectra_data/sample_136_Suillus_bovinus_gills.npy,Suillus_bovinus,gills
spectra_data/sample_137_Suillus_bovinus_gills.npy,Suillus_bovinus,gills
spectra_data/sample_138_Suillus_bovinus_gills.npy,Suillus_bovinus,gills
spectra_data/sample_139_Suillus_bovinus_cap.npy,Suillus_bovinus,cap
spectra_data/sample_140_Suillus_bovinus_stipe.npy,Suillus_bovinus,stipe
spectra_data/sample_141_Suillus_bovinus_cap.npy,Suillus_bovinus,cap
spectra_data/sample_142_Suillus_bovinus_cap.npy,Suillus_bovinus,cap
spectra_data/sample_143_Suillus_bovinus_gills.npy,Suillus_bovinus,gills
spectra_data/sample_144_Suillus_bovinus_cap.npy,Suillus_bovinus,cap
spectra_data/sample_145_Imleria_badia_stipe.npy,Imleria_badia,stipe
spectra_data/sample_146_Imleria_badia_gills.npy,Imleria_badia,gills
spectra_data/sample_147_Imleria_badia_cap.npy,Imleria_badia,cap
spectra_data/sample_148_Imleria_badia_cap.npy,Imleria_badia,cap
spectra_data/sample_149_Imleria_badia_stipe.npy,Imleria_badia,stipe
spectra_data/sample_150_Imleria_badia_gills.npy,Imleria_badia,gills
spectra_data/sample_151_Imleria_badia_gills.npy,Imleria_badia,gills
spectra_data/sample_152_Imleria_badia_stipe.npy,Imleria_badia,stipe
spectra_data/sample_153_Imleria_badia_stipe.npy,Imleria_badia,stipe
spectra_data/sample_154_Imleria_badia_gills.npy,Imleria_badia,gills
spectra_data/sample_155_Imleria_badia_cap.npy,Imleria_badia,cap
spectra_data/sample_156_Imleria_badia_gills.npy,Imleria_badia,gills
spectra_data/sample_157_Imleria_badia_cap.npy,Imleria_badia,cap
spectra_data/sample_158_Imleria_badia_gills.npy,Imleria_badia,gills
spectra_data/sample_159_Imleria_badia_gills.npy,Imleria_badia,gills
spectra_data/sample_160_Imleria_badia_cap.npy,Imleria_badia,cap
spectra_data/sample_161_Imleria_badia_gills.npy,Imleria_badia,gills
spectra_data/sample_162_Imleria_badia_cap.npy,Imleria_badia,cap
spectra_data/sample_163_Imleria_badia_stipe.npy,Imleria_badia,stipe
spectra_data/sample_164_Imleria_badia_gills.npy,Imleria_badia,gills
spectra_data/sample_165_Imleria_badia_stipe.npy,Imleria_badia,stipe
spectra_data/sample_166_Imleria_badia_cap.npy,Imleria_badia,cap
spectra_data/sample_167_Imleria_badia_cap.npy,Imleria_badia,cap
spectra_data/sample_168_Imleria_badia_stipe.npy,Imleria_badia,stipe
spectra_data/sample_169_Imleria_badia_gills.npy,Imleria_badia,gills
spectra_data/sample_170_Imleria_badia_stipe.npy,Imleria_badia,stipe
spectra_data/sample_171_Imleria_badia_cap.npy,Imleria_badia,cap
spectra_data/sample_172_Imleria_badia_stipe.npy,Imleria_badia,stipe
spectra_data/sample_173_Imleria_badia_cap.npy,Imleria_badia,cap
spectra_data/sample_174_Imleria_badia_stipe.npy,Imleria_badia,stipe
spectra_data/sample_175_Cortinarius_semisanquineus_cap.npy,Cortinarius_semisanquineus,cap
spectra_data/sample_176_Cortinarius_semisanquineus_stipe.npy,Cortinarius_semisanquineus,stipe
spectra_data/sample_177_Cortinarius_semisanquineus_stipe.npy,Cortinarius_semisanquineus,stipe
spectra_data/sample_178_Cortinarius_semisanquineus_cap.npy,Cortinarius_semisanquineus,cap
spectra_data/sample_179_Cortinarius_semisanquineus_stipe.npy,Cortinarius_semisanquineus,stipe
spectra_data/sample_180_Cortinarius_semisanquineus_stipe.npy,Cortinarius_semisanquineus,stipe
spectra_data/sample_181_Cortinarius_semisanquineus_cap.npy,Cortinarius_semisanquineus,cap
spectra_data/sample_182_Cortinarius_semisanquineus_gills.npy,Cortinarius_semisanquineus,gills
spectra_data/sample_183_Cortinarius_semisanquineus_gills.npy,Cortinarius_semisanquineus,gills
spectra_data/sample_184_Cortinarius_semisanquineus_stipe.npy,Cortinarius_semisanquineus,stipe
spectra_data/sample_185_Cortinarius_semisanquineus_stipe.npy,Cortinarius_semisanquineus,stipe
spectra_data/sample_186_Cortinarius_semisanquineus_gills.npy,Cortinarius_semisanquineus,gills
spectra_data/sample_187_Cortinarius_semisanquineus_cap.npy,Cortinarius_semisanquineus,cap
spectra_data/sample_188_Cortinarius_semisanquineus_gills.npy,Cortinarius_semisanquineus,gills
spectra_data/sample_189_Cortinarius_semisanquineus_cap.npy,Cortinarius_semisanquineus,cap
spectra_data/sample_190_Cortinarius_semisanquineus_stipe.npy,Cortinarius_semisanquineus,stipe
spectra_data/sample_191_Cortinarius_semisanquineus_gills.npy,Cortinarius_semisanquineus,gills
spectra_data/sample_192_Cortinarius_semisanquineus_gills.npy,Cortinarius_semisanquineus,gills
spectra_data/sample_193_Cortinarius_semisanquineus_gills.npy,Cortinarius_semisanquineus,gills
spectra_data/sample_194_Cortinarius_semisanquineus_cap.npy,Cortinarius_semisanquineus,cap
spectra_data/sample_195_Cortinarius_semisanquineus_stipe.npy,Cortinarius_semisanquineus,stipe
spectra_data/sample_196_Cortinarius_semisanquineus_gills.npy,Cortinarius_semisanquineus,gills
spectra_data/sample_197_Cortinarius_semisanquineus_gills.npy,Cortinarius_semisanquineus,gills
spectra_data/sample_198_Cortinarius_semisanquineus_cap.npy,Cortinarius_semisanquineus,cap
spectra_data/sample_199_Cortinarius_semisanquineus_cap.npy,Cortinarius_semisanquineus,cap
spectra_data/sample_200_Cortinarius_semisanquineus_stipe.npy,Cortinarius_semisanquineus,stipe
spectra_data/sample_201_Cortinarius_semisanquineus_cap.npy,Cortinarius_semisanquineus,cap
spectra_data/sample_202_Cortinarius_semisanquineus_cap.npy,Cortinarius_semisanquineus,cap
spectra_data/sample_203_Russula_xerampelina_cap.npy,Russula_xerampelina,cap
spectra_data/sample_204_Russula_xerampelina_gills.npy,Russula_xerampelina,gills
spectra_data/sample_205_Russula_xerampelina_stipe.npy,Russula_xerampelina,stipe
spectra_data/sample_206_Russula_xerampelina_stipe.npy,Russula_xerampelina,stipe
spectra_data/sample_207_Russula_xerampelina_cap.npy,Russula_xerampelina,cap
spectra_data/sample_208_Russula_xerampelina_cap.npy,Russula_xerampelina,cap
spectra_data/sample_209_Russula_xerampelina_gills.npy,Russula_xerampelina,gills
spectra_data/sample_210_Russula_xerampelina_stipe.npy,Russula_xerampelina,stipe
spectra_data/sample_211_Russula_xerampelina_stipe.npy,Russula_xerampelina,stipe
spectra_data/sample_212_Russula_xerampelina_gills.npy,Russula_xerampelina,gills
spectra_data/sample_213_Russula_xerampelina_gills.npy,Russula_xerampelina,gills
spectra_data/sample_214_Russula_xerampelina_cap.npy,Russula_xerampelina,cap
spectra_data/sample_215_Russula_xerampelina_cap.npy,Russula_xerampelina,cap
spectra_data/sample_216_Russula_xerampelina_gills.npy,Russula_xerampelina,gills
spectra_data/sample_217_Russula_xerampelina_gills.npy,Russula_xerampelina,gills
spectra_data/sample_218_Russula_xerampelina_gills.npy,Russula_xerampelina,gills
spectra_data/sample_219_Russula_xerampelina_cap.npy,Russula_xerampelina,cap
spectra_data/sample_220_Russula_xerampelina_gills.npy,Russula_xerampelina,gills
spectra_data/sample_221_Russula_xerampelina_gills.npy,Russula_xerampelina,gills
spectra_data/sample_222_Russula_xerampelina_stipe.npy,Russula_xerampelina,stipe
spectra_data/sample_223_Russula_xerampelina_cap.npy,Russula_xerampelina,cap
spectra_data/sample_224_Russula_xerampelina_stipe.npy,Russula_xerampelina,stipe
spectra_data/sample_225_Russula_xerampelina_cap.npy,Russula_xerampelina,cap
spectra_data/sample_226_Russula_xerampelina_stipe.npy,Russula_xerampelina,stipe
spectra_data/sample_227_Russula_xerampelina_cap.npy,Russula_xerampelina,cap
spectra_data/sample_228_Russula_xerampelina_stipe.npy,Russula_xerampelina,stipe
spectra_data/sample_229_Russula_xerampelina_gills.npy,Russula_xerampelina,gills
spectra_data/sample_230_Russula_xerampelina_cap.npy,Russula_xerampelina,cap
spectra_data/sample_231_Russula_xerampelina_stipe.npy,Russula_xerampelina,stipe
spectra_data/sample_232_Russula_xerampelina_stipe.npy,Russula_xerampelina,stipe
spectra_data/sample_233_Connopus_acervatus_stipe.npy,Connopus_acervatus,stipe
spectra_data/sample_234_Connopus_acervatus_stipe.npy,Connopus_acervatus,stipe
spectra_data/sample_235_Connopus_acervatus_stipe.npy,Connopus_acervatus,stipe
spectra_data/sample_236_Connopus_acervatus_stipe.npy,Connopus_acervatus,stipe
spectra_data/sample_237_Connopus_acervatus_gills.npy,Connopus_acervatus,gills
spectra_data/sample_238_Connopus_acervatus_gills.npy,Connopus_acervatus,gills
spectra_data/sample_239_Connopus_acervatus_gills.npy,Connopus_acervatus,gills
spectra_data/sample_240_Connopus_acervatus_gills.npy,Connopus_acervatus,gills
spectra_data/sample_241_Connopus_acervatus_stipe.npy,Connopus_acervatus,stipe
spectra_data/sample_242_Connopus_acervatus_stipe.npy,Connopus_acervatus,stipe
spectra_data/sample_243_Connopus_acervatus_gills.npy,Connopus_acervatus,gills
spectra_data/sample_244_Connopus_acervatus_cap.npy,Connopus_acervatus,cap
spectra_data/sample_245_Connopus_acervatus_cap.npy,Connopus_acervatus,cap
spectra_data/sample_246_Connopus_acervatus_cap.npy,Connopus_acervatus,cap
spectra_data/sample_247_Connopus_acervatus_gills.npy,Connopus_acervatus,gills
spectra_data/sample_248_Connopus_acervatus_gills.npy,Connopus_acervatus,gills
spectra_data/sample_249_Connopus_acervatus_stipe.npy,Connopus_acervatus,stipe
spectra_data/sample_250_Connopus_acervatus_stipe.npy,Connopus_acervatus,stipe
spectra_data/sample_251_Connopus_acervatus_gills.npy,Connopus_acervatus,gills
spectra_data/sample_252_Connopus_acervatus_gills.npy,Connopus_acervatus,gills
spectra_data/sample_253_Connopus_acervatus_gills.npy,Connopus_acervatus,gills
spectra_data/sample_254_Connopus_acervatus_cap.npy,Connopus_acervatus,cap
spectra_data/sample_255_Connopus_acervatus_stipe.npy,Connopus_acervatus,stipe
spectra_data/sample_256_Connopus_acervatus_cap.npy,Connopus_acervatus,cap
spectra_data/sample_257_Connopus_acervatus_cap.npy,Connopus_acervatus,cap
spectra_data/sample_258_Connopus_acervatus_cap.npy,Connopus_acervatus,cap
spectra_data/sample_259_Connopus_acervatus_cap.npy,Connopus_acervatus,cap
spectra_data/sample_260_Connopus_acervatus_cap.npy,Connopus_acervatus,cap
spectra_data/sample_261_Connopus_acervatus_cap.npy,Connopus_acervatus,cap
spectra_data/sample_262_Connopus_acervatus_stipe.npy,Connopus_acervatus,stipe
spectra_data/sample_263_Amanita_regalis_gills.npy,Amanita_regalis,gills
spectra_data/sample_264_Amanita_regalis_cap.npy,Amanita_regalis,cap
spectra_data/sample_265_Amanita_regalis_stipe.npy,Amanita_regalis,stipe
spectra_data/sample_266_Amanita_regalis_cap.npy,Amanita_regalis,cap
spectra_data/sample_267_Amanita_regalis_stipe.npy,Amanita_regalis,stipe
spectra_data/sample_268_Amanita_regalis_gills.npy,Amanita_regalis,gills
spectra_data/sample_269_Amanita_regalis_cap.npy,Amanita_regalis,cap
spectra_data/sample_270_Amanita_regalis_cap.npy,Amanita_regalis,cap
spectra_data/sample_271_Amanita_regalis_gills.npy,Amanita_regalis,gills
spectra_data/sample_272_Amanita_regalis_gills.npy,Amanita_regalis,gills
spectra_data/sample_273_Amanita_regalis_gills.npy,Amanita_regalis,gills
spectra_data/sample_274_Amanita_regalis_gills.npy,Amanita_regalis,gills
spectra_data/sample_275_Amanita_regalis_stipe.npy,Amanita_regalis,stipe
spectra_data/sample_276_Amanita_regalis_gills.npy,Amanita_regalis,gills
spectra_data/sample_277_Amanita_regalis_stipe.npy,Amanita_regalis,stipe
spectra_data/sample_278_Amanita_regalis_gills.npy,Amanita_regalis,gills
spectra_data/sample_279_Amanita_regalis_cap.npy,Amanita_regalis,cap
spectra_data/sample_280_Amanita_regalis_gills.npy,Amanita_regalis,gills
spectra_data/sample_281_Amanita_regalis_cap.npy,Amanita_regalis,cap
spectra_data/sample_282_Amanita_regalis_cap.npy,Amanita_regalis,cap
spectra_data/sample_283_Amanita_regalis_cap.npy,Amanita_regalis,cap
spectra_data/sample_284_Amanita_regalis_stipe.npy,Amanita_regalis,stipe
spectra_data/sample_285_Amanita_regalis_stipe.npy,Amanita_regalis,stipe
spectra_data/sample_286_Amanita_regalis_stipe.npy,Amanita_regalis,stipe
spectra_data/sample_287_Amanita_regalis_stipe.npy,Amanita_regalis,stipe
spectra_data/sample_288_Amanita_regalis_cap.npy,Amanita_regalis,cap
spectra_data/sample_289_Amanita_regalis_stipe.npy,Amanita_regalis,stipe
spectra_data/sample_290_Amanita_regalis_cap.npy,Amanita_regalis,cap
spectra_data/sample_291_Amanita_regalis_gills.npy,Amanita_regalis,gills
spectra_data/sample_292_Amanita_regalis_stipe.npy,Amanita_regalis,stipe
spectra_data/sample_293_Pleurotus_ostreatus_gills.npy,Pleurotus_ostreatus,gills
spectra_data/sample_294_Pleurotus_ostreatus_cap.npy,Pleurotus_ostreatus,cap
spectra_data/sample_295_Pleurotus_ostreatus_stipe.npy,Pleurotus_ostreatus,stipe
spectra_data/sample_296_Pleurotus_ostreatus_gills.npy,Pleurotus_ostreatus,gills
spectra_data/sample_297_Pleurotus_ostreatus_gills.npy,Pleurotus_ostreatus,gills
spectra_data/sample_298_Pleurotus_ostreatus_cap.npy,Pleurotus_ostreatus,cap
spectra_data/sample_299_Pleurotus_ostreatus_stipe.npy,Pleurotus_ostreatus,stipe
spectra_data/sample_300_Pleurotus_ostreatus_cap.npy,Pleurotus_ostreatus,cap
spectra_data/sample_301_Pleurotus_ostreatus_stipe.npy,Pleurotus_ostreatus,stipe
spectra_data/sample_302_Pleurotus_ostreatus_stipe.npy,Pleurotus_ostreatus,stipe
spectra_data/sample_303_Pleurotus_ostreatus_gills.npy,Pleurotus_ostreatus,gills
spectra_data/sample_304_Pleurotus_ostreatus_stipe.npy,Pleurotus_ostreatus,stipe
spectra_data/sample_305_Pleurotus_ostreatus_stipe.npy,Pleurotus_ostreatus,stipe
spectra_data/sample_306_Pleurotus_ostreatus_cap.npy,Pleurotus_ostreatus,cap
spectra_data/sample_307_Pleurotus_ostreatus_stipe.npy,Pleurotus_ostreatus,stipe
spectra_data/sample_308_Pleurotus_ostreatus_cap.npy,Pleurotus_ostreatus,cap
spectra_data/sample_309_Pleurotus_ostreatus_gills.npy,Pleurotus_ostreatus,gills
spectra_data/sample_310_Pleurotus_ostreatus_gills.npy,Pleurotus_ostreatus,gills
spectra_data/sample_311_Pleurotus_ostreatus_stipe.npy,Pleurotus_ostreatus,stipe
spectra_data/sample_312_Pleurotus_ostreatus_gills.npy,Pleurotus_ostreatus,gills
spectra_data/sample_313_Pleurotus_ostreatus_cap.npy,Pleurotus_ostreatus,cap
spectra_data/sample_314_Pleurotus_ostreatus_cap.npy,Pleurotus_ostreatus,cap
spectra_data/sample_315_Pleurotus_ostreatus_stipe.npy,Pleurotus_ostreatus,stipe
spectra_data/sample_316_Pleurotus_ostreatus_cap.npy,Pleurotus_ostreatus,cap
spectra_data/sample_317_Pleurotus_ostreatus_gills.npy,Pleurotus_ostreatus,gills
spectra_data/sample_318_Pleurotus_ostreatus_stipe.npy,Pleurotus_ostreatus,stipe
spectra_data/sample_319_Pleurotus_ostreatus_cap.npy,Pleurotus_ostreatus,cap
spectra_data/sample_320_Pleurotus_ostreatus_gills.npy,Pleurotus_ostreatus,gills
spectra_data/sample_321_Pleurotus_ostreatus_cap.npy,Pleurotus_ostreatus,cap
spectra_data/sample_322_Pleurotus_ostreatus_gills.npy,Pleurotus_ostreatus,gills
spectra_data/sample_323_Amanita_pantherina_cap.npy,Amanita_pantherina,cap
spectra_data/sample_324_Amanita_pantherina_gills.npy,Amanita_pantherina,gills
spectra_data/sample_325_Amanita_pantherina_stipe.npy,Amanita_pantherina,stipe
spectra_data/sample_326_Amanita_pantherina_cap.npy,Amanita_pantherina,cap
spectra_data/sample_327_Amanita_pantherina_cap.npy,Amanita_pantherina,cap
spectra_data/sample_328_Amanita_pantherina_cap.npy,Amanita_pantherina,cap
spectra_data/sample_329_Amanita_pantherina_stipe.npy,Amanita_pantherina,stipe
spectra_data/sample_330_Amanita_pantherina_cap.npy,Amanita_pantherina,cap
spectra_data/sample_331_Amanita_pantherina_gills.npy,Amanita_pantherina,gills
spectra_data/sample_332_Amanita_pantherina_cap.npy,Amanita_pantherina,cap
spectra_data/sample_333_Amanita_pantherina_stipe.npy,Amanita_pantherina,stipe
spectra_data/sample_334_Amanita_pantherina_stipe.npy,Amanita_pantherina,stipe
spectra_data/sample_335_Amanita_pantherina_stipe.npy,Amanita_pantherina,stipe
spectra_data/sample_336_Amanita_pantherina_stipe.npy,Amanita_pantherina,stipe
spectra_data/sample_337_Amanita_pantherina_cap.npy,Amanita_pantherina,cap
spectra_data/sample_338_Amanita_pantherina_gills.npy,Amanita_pantherina,gills
spectra_data/sample_339_Amanita_pantherina_gills.npy,Amanita_pantherina,gills
spectra_data/sample_340_Amanita_pantherina_stipe.npy,Amanita_pantherina,stipe
spectra_data/sample_341_Amanita_pantherina_stipe.npy,Amanita_pantherina,stipe
spectra_data/sample_342_Amanita_pantherina_gills.npy,Amanita_pantherina,gills
spectra_data/sample_343_Amanita_pantherina_gills.npy,Amanita_pantherina,gills
spectra_data/sample_344_Amanita_pantherina_cap.npy,Amanita_pantherina,cap
spectra_data/sample_345_Amanita_pantherina_gills.npy,Amanita_pantherina,gills
spectra_data/sample_346_Amanita_pantherina_stipe.npy,Amanita_pantherina,stipe
spectra_data/sample_347_Amanita_pantherina_stipe.npy,Amanita_pantherina,stipe
spectra_data/sample_348_Amanita_pantherina_cap.npy,Amanita_pantherina,cap
spectra_data/sample_349_Amanita_pantherina_cap.npy,Amanita_pantherina,cap
spectra_data/sample_350_Amanita_pantherina_gills.npy,Amanita_pantherina,gills
spectra_data/sample_351_Amanita_pantherina_gills.npy,Amanita_pantherina,gills
spectra_data/sample_352_Amanita_pantherina_gills.npy,Amanita_pantherina,gills
spectra_data/sample_353_Tricholoma_fulvum_stipe.npy,Tricholoma_fulvum,stipe
spectra_data/sample_354_Tricholoma_fulvum_cap.npy,Tricholoma_fulvum,cap
spectra_data/sample_355_Tricholoma_fulvum_stipe.npy,Tricholoma_fulvum,stipe
spectra_data/sample_356_Tricholoma_fulvum_gills.npy,Tricholoma_fulvum,gills
spectra_data/sample_357_Tricholoma_fulvum_cap.npy,Tricholoma_fulvum,cap
spectra_data/sample_358_Tricholoma_fulvum_gills.npy,Tricholoma_fulvum,gills
spectra_data/sample_359_Tricholoma_fulvum_cap.npy,Tricholoma_fulvum,cap
spectra_data/sample_360_Tricholoma_fulvum_gills.npy,Tricholoma_fulvum,gills
spectra_data/sample_361_Tricholoma_fulvum_cap.npy,Tricholoma_fulvum,cap
spectra_data/sample_362_Tricholoma_fulvum_stipe.npy,Tricholoma_fulvum,stipe
spectra_data/sample_363_Tricholoma_fulvum_stipe.npy,Tricholoma_fulvum,stipe
spectra_data/sample_364_Tricholoma_fulvum_stipe.npy,Tricholoma_fulvum,stipe
spectra_data/sample_365_Tricholoma_fulvum_gills.npy,Tricholoma_fulvum,gills
spectra_data/sample_366_Tricholoma_fulvum_stipe.npy,Tricholoma_fulvum,stipe
spectra_data/sample_367_Tricholoma_fulvum_gills.npy,Tricholoma_fulvum,gills
spectra_data/sample_368_Tricholoma_fulvum_gills.npy,Tricholoma_fulvum,gills
spectra_data/sample_369_Tricholoma_fulvum_cap.npy,Tricholoma_fulvum,cap
spectra_data/sample_370_Tricholoma_fulvum_gills.npy,Tricholoma_fulvum,gills
spectra_data/sample_371_Tricholoma_fulvum_cap.npy,Tricholoma_fulvum,cap
spectra_data/sample_372_Tricholoma_fulvum_cap.npy,Tricholoma_fulvum,cap
spectra_data/sample_373_Tricholoma_fulvum_gills.npy,Tricholoma_fulvum,gills
spectra_data/sample_374_Tricholoma_fulvum_cap.npy,Tricholoma_fulvum,cap
spectra_data/sample_375_Tricholoma_fulvum_stipe.npy,Tricholoma_fulvum,stipe
spectra_data/sample_376_Tricholoma_fulvum_stipe.npy,Tricholoma_fulvum,stipe
spectra_data/sample_377_Tricholoma_fulvum_cap.npy,Tricholoma_fulvum,cap
spectra_data/sample_378_Tricholoma_fulvum_gills.npy,Tricholoma_fulvum,gills
spectra_data/sample_379_Tricholoma_fulvum_stipe.npy,Tricholoma_fulvum,stipe
spectra_data/sample_380_Tricholoma_fulvum_cap.npy,Tricholoma_fulvum,cap
spectra_data/sample_381_Tricholoma_fulvum_stipe.npy,Tricholoma_fulvum,stipe
spectra_data/sample_382_Tricholoma_fulvum_gills.npy,Tricholoma_fulvum,gills
spectra_data/sample_383_Cortinarius_violaceus_cap.npy,Cortinarius_violaceus,cap
spectra_data/sample_384_Cortinarius_violaceus_stipe.npy,Cortinarius_violaceus,stipe
spectra_data/sample_385_Cortinarius_violaceus_gills.npy,Cortinarius_violaceus,gills
spectra_data/sample_386_Cortinarius_violaceus_cap.npy,Cortinarius_violaceus,cap
spectra_data/sample_387_Cortinarius_violaceus_stipe.npy,Cortinarius_violaceus,stipe
spectra_data/sample_388_Cortinarius_violaceus_stipe.npy,Cortinarius_violaceus,stipe
spectra_data/sample_389_Cortinarius_violaceus_cap.npy,Cortinarius_violaceus,cap
spectra_data/sample_390_Cortinarius_violaceus_stipe.npy,Cortinarius_violaceus,stipe
spectra_data/sample_391_Cortinarius_violaceus_stipe.npy,Cortinarius_violaceus,stipe
spectra_data/sample_392_Cortinarius_violaceus_gills.npy,Cortinarius_violaceus,gills
spectra_data/sample_393_Cortinarius_violaceus_stipe.npy,Cortinarius_violaceus,stipe
spectra_data/sample_394_Cortinarius_violaceus_stipe.npy,Cortinarius_violaceus,stipe
spectra_data/sample_395_Cortinarius_violaceus_cap.npy,Cortinarius_violaceus,cap
spectra_data/sample_396_Cortinarius_violaceus_cap.npy,Cortinarius_violaceus,cap
spectra_data/sample_397_Cortinarius_violaceus_gills.npy,Cortinarius_violaceus,gills
spectra_data/sample_398_Cortinarius_violaceus_stipe.npy,Cortinarius_violaceus,stipe
spectra_data/sample_399_Cortinarius_violaceus_cap.npy,Cortinarius_violaceus,cap
spectra_data/sample_400_Cortinarius_violaceus_gills.npy,Cortinarius_violaceus,gills
spectra_data/sample_401_Cortinarius_violaceus_gills.npy,Cortinarius_violaceus,gills
spectra_data/sample_402_Cortinarius_violaceus_gills.npy,Cortinarius_violaceus,gills
spectra_data/sample_403_Cortinarius_violaceus_gills.npy,Cortinarius_violaceus,gills
spectra_data/sample_404_Cortinarius_violaceus_cap.npy,Cortinarius_violaceus,cap
spectra_data/sample_405_Cortinarius_violaceus_gills.npy,Cortinarius_violaceus,gills
spectra_data/sample_406_Cortinarius_violaceus_stipe.npy,Cortinarius_violaceus,stipe
spectra_data/sample_407_Cortinarius_violaceus_stipe.npy,Cortinarius_violaceus,stipe
spectra_data/sample_408_Cortinarius_violaceus_cap.npy,Cortinarius_violaceus,cap
spectra_data/sample_409_Cortinarius_violaceus_cap.npy,Cortinarius_violaceus,cap
spectra_data/sample_410_Cortinarius_violaceus_cap.npy,Cortinarius_violaceus,cap
spectra_data/sample_411_Cortinarius_violaceus_gills.npy,Cortinarius_violaceus,gills
spectra_data/sample_412_Cortinarius_violaceus_gills.npy,Cortinarius_violaceus,gills
spectra_data/sample_413_Russula_virescens_cap.npy,Russula_virescens,cap
spectra_data/sample_414_Russula_virescens_cap.npy,Russula_virescens,cap
spectra_data/sample_415_Russula_virescens_gills.npy,Russula_virescens,gills
spectra_data/sample_416_Russula_virescens_cap.npy,Russula_virescens,cap
spectra_data/sample_417_Russula_virescens_stipe.npy,Russula_virescens,stipe
spectra_data/sample_418_Russula_virescens_gills.npy,Russula_virescens,gills
spectra_data/sample_419_Russula_virescens_gills.npy,Russula_virescens,gills
spectra_data/sample_420_Russula_virescens_cap.npy,Russula_virescens,cap
spectra_data/sample_421_Russula_virescens_stipe.npy,Russula_virescens,stipe
spectra_data/sample_422_Russula_virescens_gills.npy,Russula_virescens,gills
spectra_data/sample_423_Russula_virescens_stipe.npy,Russula_virescens,stipe
spectra_data/sample_424_Russula_virescens_gills.npy,Russula_virescens,gills
spectra_data/sample_425_Russula_virescens_cap.npy,Russula_virescens,cap
spectra_data/sample_426_Russula_virescens_stipe.npy,Russula_virescens,stipe
spectra_data/sample_427_Russula_virescens_cap.npy,Russula_virescens,cap
spectra_data/sample_428_Russula_virescens_cap.npy,Russula_virescens,cap
spectra_data/sample_429_Russula_virescens_stipe.npy,Russula_virescens,stipe
spectra_data/sample_430_Russula_virescens_stipe.npy,Russula_virescens,stipe
spectra_data/sample_431_Russula_virescens_gills.npy,Russula_virescens,gills
spectra_data/sample_432_Russula_virescens_stipe.npy,Russula_virescens,stipe
spectra_data/sample_433_Russula_virescens_stipe.npy,Russula_virescens,stipe
spectra_data/sample_434_Russula_virescens_cap.npy,Russula_virescens,cap
spectra_data/sample_435_Russula_virescens_gills.npy,Russula_virescens,gills
spectra_data/sample_436_Russula_virescens_gills.npy,Russula_virescens,gills
spectra_data/sample_437_Russula_virescens_cap.npy,Russula_virescens,cap
spectra_data/sample_438_Russula_virescens_cap.npy,Russula_virescens,cap
spectra_data/sample_439_Russula_virescens_stipe.npy,Russula_virescens,stipe
spectra_data/sample_440_Russula_virescens_gills.npy,Russula_virescens,gills
spectra_data/sample_441_Lactarius_trivials_gills.npy,Lactarius_trivials,gills
spectra_data/sample_442_Lactarius_trivials_gills.npy,Lactarius_trivials,gills
spectra_data/sample_443_Lactarius_trivials_cap.npy,Lactarius_trivials,cap
spectra_data/sample_444_Lactarius_trivials_gills.npy,Lactarius_trivials,gills
spectra_data/sample_445_Lactarius_trivials_cap.npy,Lactarius_trivials,cap
spectra_data/sample_446_Lactarius_trivials_stipe.npy,Lactarius_trivials,stipe
spectra_data/sample_447_Lactarius_trivials_cap.npy,Lactarius_trivials,cap
spectra_data/sample_448_Lactarius_trivials_stipe.npy,Lactarius_trivials,stipe
spectra_data/sample_449_Lactarius_trivials_cap.npy,Lactarius_trivials,cap
spectra_data/sample_450_Lactarius_trivials_stipe.npy,Lactarius_trivials,stipe
spectra_data/sample_451_Lactarius_trivials_cap.npy,Lactarius_trivials,cap
spectra_data/sample_452_Lactarius_trivials_stipe.npy,Lactarius_trivials,stipe
spectra_data/sample_453_Lactarius_trivials_cap.npy,Lactarius_trivials,cap
spectra_data/sample_454_Lactarius_trivials_stipe.npy,Lactarius_trivials,stipe
spectra_data/sample_455_Lactarius_trivials_stipe.npy,Lactarius_trivials,stipe
spectra_data/sample_456_Lactarius_trivials_stipe.npy,Lactarius_trivials,stipe
spectra_data/sample_457_Lactarius_trivials_gills.npy,Lactarius_trivials,gills
spectra_data/sample_458_Lactarius_trivials_stipe.npy,Lactarius_trivials,stipe
spectra_data/sample_459_Lactarius_trivials_stipe.npy,Lactarius_trivials,stipe
spectra_data/sample_460_Lactarius_trivials_cap.npy,Lactarius_trivials,cap
spectra_data/sample_461_Lactarius_trivials_cap.npy,Lactarius_trivials,cap
spectra_data/sample_462_Lactarius_trivials_gills.npy,Lactarius_trivials,gills
spectra_data/sample_463_Lactarius_trivials_stipe.npy,Lactarius_trivials,stipe
spectra_data/sample_464_Lactarius_trivials_cap.npy,Lactarius_trivials,cap
spectra_data/sample_465_Lactarius_trivials_gills.npy,Lactarius_trivials,gills
spectra_data/sample_466_Amanita_muscaria_cap.npy,Amanita_muscaria,cap
spectra_data/sample_467_Amanita_muscaria_stipe.npy,Amanita_muscaria,stipe
spectra_data/sample_468_Amanita_muscaria_stipe.npy,Amanita_muscaria,stipe
spectra_data/sample_469_Amanita_muscaria_stipe.npy,Amanita_muscaria,stipe
spectra_data/sample_470_Amanita_muscaria_stipe.npy,Amanita_muscaria,stipe
spectra_data/sample_471_Amanita_muscaria_stipe.npy,Amanita_muscaria,stipe
spectra_data/sample_472_Amanita_muscaria_cap.npy,Amanita_muscaria,cap
spectra_data/sample_473_Amanita_muscaria_gills.npy,Amanita_muscaria,gills
spectra_data/sample_474_Amanita_muscaria_stipe.npy,Amanita_muscaria,stipe
spectra_data/sample_475_Amanita_muscaria_gills.npy,Amanita_muscaria,gills
spectra_data/sample_476_Amanita_muscaria_cap.npy,Amanita_muscaria,cap
spectra_data/sample_477_Amanita_muscaria_gills.npy,Amanita_muscaria,gills
spectra_data/sample_478_Amanita_muscaria_gills.npy,Amanita_muscaria,gills
spectra_data/sample_479_Amanita_muscaria_gills.npy,Amanita_muscaria,gills
spectra_data/sample_480_Amanita_muscaria_gills.npy,Amanita_muscaria,gills
spectra_data/sample_481_Amanita_muscaria_gills.npy,Amanita_muscaria,gills
spectra_data/sample_482_Amanita_muscaria_stipe.npy,Amanita_muscaria,stipe
spectra_data/sample_483_Amanita_muscaria_cap.npy,Amanita_muscaria,cap
spectra_data/sample_484_Amanita_muscaria_gills.npy,Amanita_muscaria,gills
spectra_data/sample_485_Amanita_muscaria_gills.npy,Amanita_muscaria,gills
spectra_data/sample_486_Amanita_muscaria_cap.npy,Amanita_muscaria,cap
spectra_data/sample_487_Amanita_muscaria_cap.npy,Amanita_muscaria,cap
spectra_data/sample_488_Amanita_muscaria_cap.npy,Amanita_muscaria,cap
spectra_data/sample_489_Amanita_muscaria_cap.npy,Amanita_muscaria,cap
spectra_data/sample_490_Amanita_muscaria_stipe.npy,Amanita_muscaria,stipe
spectra_data/sample_491_Amanita_muscaria_cap.npy,Amanita_muscaria,cap
spectra_data/sample_492_Amanita_muscaria_stipe.npy,Amanita_muscaria,stipe
spectra_data/sample_493_Amanita_muscaria_gills.npy,Amanita_muscaria,gills
spectra_data/sample_494_Amanita_muscaria_cap.npy,Amanita_muscaria,cap
spectra_data/sample_495_Amanita_muscaria_stipe.npy,Amanita_muscaria,stipe
spectra_data/sample_496_Lectarius_resimus_stipe.npy,Lectarius_resimus,stipe
spectra_data/sample_497_Lectarius_resimus_cap.npy,Lectarius_resimus,cap
spectra_data/sample_498_Lectarius_resimus_stipe.npy,Lectarius_resimus,stipe
spectra_data/sample_499_Lectarius_resimus_stipe.npy,Lectarius_resimus,stipe
spectra_data/sample_500_Lectarius_resimus_stipe.npy,Lectarius_resimus,stipe
spectra_data/sample_501_Lectarius_resimus_gills.npy,Lectarius_resimus,gills
spectra_data/sample_502_Lectarius_resimus_cap.npy,Lectarius_resimus,cap
spectra_data/sample_503_Lectarius_resimus_cap.npy,Lectarius_resimus,cap
spectra_data/sample_504_Lectarius_resimus_stipe.npy,Lectarius_resimus,stipe
spectra_data/sample_505_Lectarius_resimus_stipe.npy,Lectarius_resimus,stipe
spectra_data/sample_506_Lectarius_resimus_gills.npy,Lectarius_resimus,gills
spectra_data/sample_507_Lectarius_resimus_cap.npy,Lectarius_resimus,cap
spectra_data/sample_508_Lectarius_resimus_gills.npy,Lectarius_resimus,gills
spectra_data/sample_509_Lectarius_resimus_gills.npy,Lectarius_resimus,gills
spectra_data/sample_510_Lectarius_resimus_cap.npy,Lectarius_resimus,cap
spectra_data/sample_511_Lectarius_resimus_cap.npy,Lectarius_resimus,cap
spectra_data/sample_512_Lectarius_resimus_gills.npy,Lectarius_resimus,gills
spectra_data/sample_513_Lectarius_resimus_stipe.npy,Lectarius_resimus,stipe
spectra_data/sample_514_Lectarius_resimus_stipe.npy,Lectarius_resimus,stipe
spectra_data/sample_515_Lectarius_resimus_cap.npy,Lectarius_resimus,cap
spectra_data/sample_516_Lectarius_resimus_cap.npy,Lectarius_resimus,cap
spectra_data/sample_517_Lectarius_resimus_gills.npy,Lectarius_resimus,gills
spectra_data/sample_518_Lectarius_resimus_stipe.npy,Lectarius_resimus,stipe
spectra_data/sample_519_Lectarius_resimus_gills.npy,Lectarius_resimus,gills
spectra_data/sample_520_Lectarius_resimus_gills.npy,Lectarius_resimus,gills
spectra_data/sample_521_Lectarius_resimus_stipe.npy,Lectarius_resimus,stipe
spectra_data/sample_522_Lectarius_resimus_gills.npy,Lectarius_resimus,gills
spectra_data/sample_523_Lectarius_resimus_gills.npy,Lectarius_resimus,gills
spectra_data/sample_524_Lectarius_resimus_cap.npy,Lectarius_resimus,cap
spectra_data/sample_525_Xerocomellus_chrysenteron_gills.npy,Xerocomellus_chrysenteron,gills
spectra_data/sample_526_Xerocomellus_chrysenteron_cap.npy,Xerocomellus_chrysenteron,cap
spectra_data/sample_527_Xerocomellus_chrysenteron_cap.npy,Xerocomellus_chrysenteron,cap
spectra_data/sample_528_Xerocomellus_chrysenteron_gills.npy,Xerocomellus_chrysenteron,gills
spectra_data/sample_529_Xerocomellus_chrysenteron_cap.npy,Xerocomellus_chrysenteron,cap
spectra_data/sample_530_Xerocomellus_chrysenteron_stipe.npy,Xerocomellus_chrysenteron,stipe
spectra_data/sample_531_Xerocomellus_chrysenteron_gills.npy,Xerocomellus_chrysenteron,gills
spectra_data/sample_532_Xerocomellus_chrysenteron_stipe.npy,Xerocomellus_chrysenteron,stipe
spectra_data/sample_533_Xerocomellus_chrysenteron_stipe.npy,Xerocomellus_chrysenteron,stipe
spectra_data/sample_534_Xerocomellus_chrysenteron_stipe.npy,Xerocomellus_chrysenteron,stipe
spectra_data/sample_535_Xerocomellus_chrysenteron_stipe.npy,Xerocomellus_chrysenteron,stipe
spectra_data/sample_536_Xerocomellus_chrysenteron_stipe.npy,Xerocomellus_chrysenteron,stipe
spectra_data/sample_537_Xerocomellus_chrysenteron_gills.npy,Xerocomellus_chrysenteron,gills
spectra_data/sample_538_Xerocomellus_chrysenteron_cap.npy,Xerocomellus_chrysenteron,cap
spectra_data/sample_539_Xerocomellus_chrysenteron_gills.npy,Xerocomellus_chrysenteron,gills
spectra_data/sample_540_Xerocomellus_chrysenteron_cap.npy,Xerocomellus_chrysenteron,cap
spectra_data/sample_541_Xerocomellus_chrysenteron_stipe.npy,Xerocomellus_chrysenteron,stipe
spectra_data/sample_542_Xerocomellus_chrysenteron_cap.npy,Xerocomellus_chrysenteron,cap
spectra_data/sample_543_Xerocomellus_chrysenteron_gills.npy,Xerocomellus_chrysenteron,gills
spectra_data/sample_544_Xerocomellus_chrysenteron_stipe.npy,Xerocomellus_chrysenteron,stipe
spectra_data/sample_545_Xerocomellus_chrysenteron_gills.npy,Xerocomellus_chrysenteron,gills
spectra_data/sample_546_Xerocomellus_chrysenteron_cap.npy,Xerocomellus_chrysenteron,cap
spectra_data/sample_547_Xerocomellus_chrysenteron_cap.npy,Xerocomellus_chrysenteron,cap
spectra_data/sample_548_Xerocomellus_chrysenteron_gills.npy,Xerocomellus_chrysenteron,gills
spectra_data/sample_549_Xerocomellus_chrysenteron_cap.npy,Xerocomellus_chrysenteron,cap
spectra_data/sample_550_Xerocomellus_chrysenteron_stipe.npy,Xerocomellus_chrysenteron,stipe
spectra_data/sample_551_Xerocomellus_chrysenteron_gills.npy,Xerocomellus_chrysenteron,gills
spectra_data/sample_552_Xerocomellus_chrysenteron_gills.npy,Xerocomellus_chrysenteron,gills
spectra_data/sample_553_Xerocomellus_chrysenteron_cap.npy,Xerocomellus_chrysenteron,cap
spectra_data/sample_554_Russula_foetens_cap.npy,Russula_foetens,cap
spectra_data/sample_555_Russula_foetens_gills.npy,Russula_foetens,gills
spectra_data/sample_556_Russula_foetens_stipe.npy,Russula_foetens,stipe
spectra_data/sample_557_Russula_foetens_cap.npy,Russula_foetens,cap
spectra_data/sample_558_Russula_foetens_cap.npy,Russula_foetens,cap
spectra_data/sample_559_Russula_foetens_gills.npy,Russula_foetens,gills
spectra_data/sample_560_Russula_foetens_gills.npy,Russula_foetens,gills
spectra_data/sample_561_Russula_foetens_stipe.npy,Russula_foetens,stipe
spectra_data/sample_562_Russula_foetens_cap.npy,Russula_foetens,cap
spectra_data/sample_563_Russula_foetens_cap.npy,Russula_foetens,cap
spectra_data/sample_564_Russula_foetens_stipe.npy,Russula_foetens,stipe
spectra_data/sample_565_Russula_foetens_gills.npy,Russula_foetens,gills
spectra_data/sample_566_Russula_foetens_cap.npy,Russula_foetens,cap
spectra_data/sample_567_Russula_foetens_cap.npy,Russula_foetens,cap
spectra_data/sample_568_Russula_foetens_gills.npy,Russula_foetens,gills
spectra_data/sample_569_Russula_foetens_stipe.npy,Russula_foetens,stipe
spectra_data/sample_570_Russula_foetens_gills.npy,Russula_foetens,gills
spectra_data/sample_571_Russula_foetens_cap.npy,Russula_foetens,cap
spectra_data/sample_572_Russula_foetens_gills.npy,Russula_foetens,gills
spectra_data/sample_573_Russula_foetens_stipe.npy,Russula_foetens,stipe
spectra_data/sample_574_Russula_foetens_stipe.npy,Russula_foetens,stipe
spectra_data/sample_575_Russula_foetens_stipe.npy,Russula_foetens,stipe
spectra_data/sample_576_Russula_foetens_stipe.npy,Russula_foetens,stipe
spectra_data/sample_577_Russula_foetens_cap.npy,Russula_foetens,cap
spectra_data/sample_578_Russula_foetens_stipe.npy,Russula_foetens,stipe
spectra_data/sample_579_Russula_foetens_cap.npy,Russula_foetens,cap
spectra_data/sample_580_Russula_foetens_stipe.npy,Russula_foetens,stipe
spectra_data/sample_581_Russula_foetens_gills.npy,Russula_foetens,gills
spectra_data/sample_582_Russula_foetens_gills.npy,Russula_foetens,gills
spectra_data/sample_583_Lactarius_flexuosus_cap.npy,Lactarius_flexuosus,cap
spectra_data/sample_584_Lactarius_flexuosus_gills.npy,Lactarius_flexuosus,gills
spectra_data/sample_585_Lactarius_flexuosus_stipe.npy,Lactarius_flexuosus,stipe
spectra_data/sample_586_Lactarius_flexuosus_cap.npy,Lactarius_flexuosus,cap
spectra_data/sample_587_Lactarius_flexuosus_gills.npy,Lactarius_flexuosus,gills
spectra_data/sample_588_Lactarius_flexuosus_cap.npy,Lactarius_flexuosus,cap
spectra_data/sample_589_Lactarius_flexuosus_gills.npy,Lactarius_flexuosus,gills
spectra_data/sample_590_Lactarius_flexuosus_cap.npy,Lactarius_flexuosus,cap
spectra_data/sample_591_Lactarius_flexuosus_cap.npy,Lactarius_flexuosus,cap
spectra_data/sample_592_Lactarius_flexuosus_cap.npy,Lactarius_flexuosus,cap
spectra_data/sample_593_Lactarius_flexuosus_cap.npy,Lactarius_flexuosus,cap
spectra_data/sample_594_Lactarius_flexuosus_stipe.npy,Lactarius_flexuosus,stipe
spectra_data/sample_595_Lactarius_flexuosus_cap.npy,Lactarius_flexuosus,cap
spectra_data/sample_596_Lactarius_flexuosus_gills.npy,Lactarius_flexuosus,gills
spectra_data/sample_597_Lactarius_flexuosus_stipe.npy,Lactarius_flexuosus,stipe
spectra_data/sample_598_Lactarius_flexuosus_gills.npy,Lactarius_flexuosus,gills
spectra_data/sample_599_Lactarius_flexuosus_gills.npy,Lactarius_flexuosus,gills
spectra_data/sample_600_Lactarius_flexuosus_stipe.npy,Lactarius_flexuosus,stipe
spectra_data/sample_601_Lactarius_flexuosus_stipe.npy,Lactarius_flexuosus,stipe
spectra_data/sample_602_Lactarius_flexuosus_gills.npy,Lactarius_flexuosus,gills
spectra_data/sample_603_Lactarius_flexuosus_gills.npy,Lactarius_flexuosus,gills
spectra_data/sample_604_Lactarius_flexuosus_stipe.npy,Lactarius_flexuosus,stipe
spectra_data/sample_605_Lactarius_flexuosus_stipe.npy,Lactarius_flexuosus,stipe
spectra_data/sample_606_Lactarius_flexuosus_stipe.npy,Lactarius_flexuosus,stipe
spectra_data/sample_607_Lactarius_flexuosus_stipe.npy,Lactarius_flexuosus,stipe
spectra_data/sample_608_Lactarius_flexuosus_gills.npy,Lactarius_flexuosus,gills
spectra_data/sample_609_Lactarius_flexuosus_gills.npy,Lactarius_flexuosus,gills
spectra_data/sample_610_Lactarius_flexuosus_cap.npy,Lactarius_flexuosus,cap
spectra_data/sample_611_Lactarius_flexuosus_cap.npy,Lactarius_flexuosus,cap
spectra_data/sample_612_Tylopilus_felleus_cap.npy,Tylopilus_felleus,cap
spectra_data/sample_613_Tylopilus_felleus_cap.npy,Tylopilus_felleus,cap
spectra_data/sample_614_Tylopilus_felleus_stipe.npy,Tylopilus_felleus,stipe
spectra_data/sample_615_Tylopilus_felleus_gills.npy,Tylopilus_felleus,gills
spectra_data/sample_616_Tylopilus_felleus_cap.npy,Tylopilus_felleus,cap
spectra_data/sample_617_Tylopilus_felleus_stipe.npy,Tylopilus_felleus,stipe
spectra_data/sample_618_Tylopilus_felleus_cap.npy,Tylopilus_felleus,cap
spectra_data/sample_619_Tylopilus_felleus_gills.npy,Tylopilus_felleus,gills
spectra_data/sample_620_Tylopilus_felleus_stipe.npy,Tylopilus_felleus,stipe
spectra_data/sample_621_Tylopilus_felleus_gills.npy,Tylopilus_felleus,gills
spectra_data/sample_622_Tylopilus_felleus_stipe.npy,Tylopilus_felleus,stipe
spectra_data/sample_623_Tylopilus_felleus_gills.npy,Tylopilus_felleus,gills
spectra_data/sample_624_Tylopilus_felleus_cap.npy,Tylopilus_felleus,cap
spectra_data/sample_625_Tylopilus_felleus_gills.npy,Tylopilus_felleus,gills
spectra_data/sample_626_Tylopilus_felleus_gills.npy,Tylopilus_felleus,gills
spectra_data/sample_627_Tylopilus_felleus_stipe.npy,Tylopilus_felleus,stipe
spectra_data/sample_628_Tylopilus_felleus_gills.npy,Tylopilus_felleus,gills
spectra_data/sample_629_Tylopilus_felleus_gills.npy,Tylopilus_felleus,gills
spectra_data/sample_630_Tylopilus_felleus_gills.npy,Tylopilus_felleus,gills
spectra_data/sample_631_Tylopilus_felleus_stipe.npy,Tylopilus_felleus,stipe
spectra_data/sample_632_Tylopilus_felleus_gills.npy,Tylopilus_felleus,gills
spectra_data/sample_633_Tylopilus_felleus_cap.npy,Tylopilus_felleus,cap
spectra_data/sample_634_Tylopilus_felleus_stipe.npy,Tylopilus_felleus,stipe
spectra_data/sample_635_Tylopilus_felleus_stipe.npy,Tylopilus_felleus,stipe
spectra_data/sample_636_Tylopilus_felleus_cap.npy,Tylopilus_felleus,cap
spectra_data/sample_637_Tylopilus_felleus_cap.npy,Tylopilus_felleus,cap
spectra_data/sample_638_Tylopilus_felleus_stipe.npy,Tylopilus_felleus,stipe
spectra_data/sample_639_Tylopilus_felleus_stipe.npy,Tylopilus_felleus,stipe
spectra_data/sample_640_Tylopilus_felleus_cap.npy,Tylopilus_felleus,cap
spectra_data/sample_641_Tylopilus_felleus_cap.npy,Tylopilus_felleus,cap
spectra_data/sample_642_Pholiota_squarrosoides_cap.npy,Pholiota_squarrosoides,cap
spectra_data/sample_643_Pholiota_squarrosoides_stipe.npy,Pholiota_squarrosoides,stipe
spectra_data/sample_644_Pholiota_squarrosoides_stipe.npy,Pholiota_squarrosoides,stipe
spectra_data/sample_645_Pholiota_squarrosoides_cap.npy,Pholiota_squarrosoides,cap
spectra_data/sample_646_Pholiota_squarrosoides_cap.npy,Pholiota_squarrosoides,cap
spectra_data/sample_647_Pholiota_squarrosoides_gills.npy,Pholiota_squarrosoides,gills
spectra_data/sample_648_Pholiota_squarrosoides_gills.npy,Pholiota_squarrosoides,gills
spectra_data/sample_649_Pholiota_squarrosoides_cap.npy,Pholiota_squarrosoides,cap
spectra_data/sample_650_Pholiota_squarrosoides_cap.npy,Pholiota_squarrosoides,cap
spectra_data/sample_651_Pholiota_squarrosoides_cap.npy,Pholiota_squarrosoides,cap
spectra_data/sample_652_Pholiota_squarrosoides_cap.npy,Pholiota_squarrosoides,cap
spectra_data/sample_653_Pholiota_squarrosoides_gills.npy,Pholiota_squarrosoides,gills
spectra_data/sample_654_Pholiota_squarrosoides_cap.npy,Pholiota_squarrosoides,cap
spectra_data/sample_655_Pholiota_squarrosoides_stipe.npy,Pholiota_squarrosoides,stipe
spectra_data/sample_656_Pholiota_squarrosoides_cap.npy,Pholiota_squarrosoides,cap
spectra_data/sample_657_Pholiota_squarrosoides_gills.npy,Pholiota_squarrosoides,gills
spectra_data/sample_658_Pholiota_squarrosoides_gills.npy,Pholiota_squarrosoides,gills
spectra_data/sample_659_Pholiota_squarrosoides_stipe.npy,Pholiota_squarrosoides,stipe
spectra_data/sample_660_Pholiota_squarrosoides_cap.npy,Pholiota_squarrosoides,cap
spectra_data/sample_661_Pholiota_squarrosoides_stipe.npy,Pholiota_squarrosoides,stipe
spectra_data/sample_662_Pholiota_squarrosoides_stipe.npy,Pholiota_squarrosoides,stipe
spectra_data/sample_663_Pholiota_squarrosoides_stipe.npy,Pholiota_squarrosoides,stipe
spectra_data/sample_664_Pholiota_squarrosoides_stipe.npy,Pholiota_squarrosoides,stipe
spectra_data/sample_665_Pholiota_squarrosoides_gills.npy,Pholiota_squarrosoides,gills
spectra_data/sample_666_Pholiota_squarrosoides_gills.npy,Pholiota_squarrosoides,gills
spectra_data/sample_667_Pholiota_squarrosoides_stipe.npy,Pholiota_squarrosoides,stipe
spectra_data/sample_668_Pholiota_squarrosoides_gills.npy,Pholiota_squarrosoides,gills
spectra_data/sample_669_Pholiota_squarrosoides_stipe.npy,Pholiota_squarrosoides,stipe
spectra_data/sample_670_Pholiota_squarrosoides_gills.npy,Pholiota_squarrosoides,gills
spectra_data/sample_671_Pholiota_squarrosoides_gills.npy,Pholiota_squarrosoides,gills
spectra_data/sample_672_Cantharellus_cibarius_gills.npy,Cantharellus_cibarius,gills
spectra_data/sample_673_Cantharellus_cibarius_cap.npy,Cantharellus_cibarius,cap
spectra_data/sample_674_Cantharellus_cibarius_gills.npy,Cantharellus_cibarius,gills
spectra_data/sample_675_Cantharellus_cibarius_gills.npy,Cantharellus_cibarius,gills
spectra_data/sample_676_Cantharellus_cibarius_stipe.npy,Cantharellus_cibarius,stipe
spectra_data/sample_677_Cantharellus_cibarius_stipe.npy,Cantharellus_cibarius,stipe
spectra_data/sample_678_Cantharellus_cibarius_gills.npy,Cantharellus_cibarius,gills
spectra_data/sample_679_Cantharellus_cibarius_cap.npy,Cantharellus_cibarius,cap
spectra_data/sample_680_Cantharellus_cibarius_cap.npy,Cantharellus_cibarius,cap
spectra_data/sample_681_Cantharellus_cibarius_gills.npy,Cantharellus_cibarius,gills
spectra_data/sample_682_Cantharellus_cibarius_cap.npy,Cantharellus_cibarius,cap
spectra_data/sample_683_Cantharellus_cibarius_stipe.npy,Cantharellus_cibarius,stipe
spectra_data/sample_684_Cantharellus_cibarius_gills.npy,Cantharellus_cibarius,gills
spectra_data/sample_685_Cantharellus_cibarius_gills.npy,Cantharellus_cibarius,gills
spectra_data/sample_686_Cantharellus_cibarius_gills.npy,Cantharellus_cibarius,gills
spectra_data/sample_687_Cantharellus_cibarius_gills.npy,Cantharellus_cibarius,gills
spectra_data/sample_688_Cantharellus_cibarius_stipe.npy,Cantharellus_cibarius,stipe
spectra_data/sample_689_Cantharellus_cibarius_cap.npy,Cantharellus_cibarius,cap
spectra_data/sample_690_Cantharellus_cibarius_cap.npy,Cantharellus_cibarius,cap
spectra_data/sample_691_Cantharellus_cibarius_stipe.npy,Cantharellus_cibarius,stipe
spectra_data/sample_692_Cantharellus_cibarius_stipe.npy,Cantharellus_cibarius,stipe
spectra_data/sample_693_Cantharellus_cibarius_cap.npy,Cantharellus_cibarius,cap
spectra_data/sample_694_Cantharellus_cibarius_cap.npy,Cantharellus_cibarius,cap
spectra_data/sample_695_Cantharellus_cibarius_stipe.npy,Cantharellus_cibarius,stipe
spectra_data/sample_696_Cantharellus_cibarius_stipe.npy,Cantharellus_cibarius,stipe
spectra_data/sample_697_Cantharellus_cibarius_stipe.npy,Cantharellus_cibarius,stipe
spectra_data/sample_698_Cantharellus_cibarius_cap.npy,Cantharellus_cibarius,cap
spectra_data/sample_699_Cantharellus_cibarius_gills.npy,Cantharellus_cibarius,gills
spectra_data/sample_700_Cantharellus_cibarius_cap.npy,Cantharellus_cibarius,cap
spectra_data/sample_701_Cantharellus_cibarius_stipe.npy,Cantharellus_cibarius,stipe
spectra_data/sample_702_Amanita_fluva_gills.npy,Amanita_fluva,gills
spectra_data/sample_703_Amanita_fluva_gills.npy,Amanita_fluva,gills
spectra_data/sample_704_Amanita_fluva_cap.npy,Amanita_fluva,cap
spectra_data/sample_705_Amanita_fluva_stipe.npy,Amanita_fluva,stipe
spectra_data/sample_706_Amanita_fluva_gills.npy,Amanita_fluva,gills
spectra_data/sample_707_Amanita_fluva_gills.npy,Amanita_fluva,gills
spectra_data/sample_708_Amanita_fluva_cap.npy,Amanita_fluva,cap
spectra_data/sample_709_Amanita_fluva_cap.npy,Amanita_fluva,cap
spectra_data/sample_710_Amanita_fluva_gills.npy,Amanita_fluva,gills
spectra_data/sample_711_Amanita_fluva_stipe.npy,Amanita_fluva,stipe
spectra_data/sample_712_Amanita_fluva_gills.npy,Amanita_fluva,gills
spectra_data/sample_713_Amanita_fluva_stipe.npy,Amanita_fluva,stipe
spectra_data/sample_714_Amanita_fluva_gills.npy,Amanita_fluva,gills
spectra_data/sample_715_Amanita_fluva_cap.npy,Amanita_fluva,cap
spectra_data/sample_716_Amanita_fluva_cap.npy,Amanita_fluva,cap
spectra_data/sample_717_Amanita_fluva_stipe.npy,Amanita_fluva,stipe
spectra_data/sample_718_Amanita_fluva_cap.npy,Amanita_fluva,cap
spectra_data/sample_719_Amanita_fluva_gills.npy,Amanita_fluva,gills
spectra_data/sample_720_Amanita_fluva_stipe.npy,Amanita_fluva,stipe
spectra_data/sample_721_Amanita_fluva_cap.npy,Amanita_fluva,cap
spectra_data/sample_722_Amanita_fluva_cap.npy,Amanita_fluva,cap
spectra_data/sample_723_Amanita_fluva_stipe.npy,Amanita_fluva,stipe
spectra_data/sample_724_Amanita_fluva_stipe.npy,Amanita_fluva,stipe
spectra_data/sample_725_Amanita_fluva_stipe.npy,Amanita_fluva,stipe
spectra_data/sample_726_Amanita_fluva_stipe.npy,Amanita_fluva,stipe
spectra_data/sample_727_Amanita_fluva_stipe.npy,Amanita_fluva,stipe
spectra_data/sample_728_Amanita_fluva_gills.npy,Amanita_fluva,gills
spectra_data/sample_729_Amanita_fluva_cap.npy,Amanita_fluva,cap
spectra_data/sample_730_Amanita_fluva_gills.npy,Amanita_fluva,gills
spectra_data/sample_731_Lactarius_deliciosus_stipe.npy,Lactarius_deliciosus,stipe
spectra_data/sample_732_Lactarius_deliciosus_cap.npy,Lactarius_deliciosus,cap
spectra_data/sample_733_Lactarius_deliciosus_stipe.npy,Lactarius_deliciosus,stipe
spectra_data/sample_734_Lactarius_deliciosus_cap.npy,Lactarius_deliciosus,cap
spectra_data/sample_735_Lactarius_deliciosus_cap.npy,Lactarius_deliciosus,cap
spectra_data/sample_736_Lactarius_deliciosus_cap.npy,Lactarius_deliciosus,cap
spectra_data/sample_737_Lactarius_deliciosus_gills.npy,Lactarius_deliciosus,gills
spectra_data/sample_738_Lactarius_deliciosus_cap.npy,Lactarius_deliciosus,cap
spectra_data/sample_739_Lactarius_deliciosus_stipe.npy,Lactarius_deliciosus,stipe
spectra_data/sample_740_Lactarius_deliciosus_stipe.npy,Lactarius_deliciosus,stipe
spectra_data/sample_741_Lactarius_deliciosus_gills.npy,Lactarius_deliciosus,gills
spectra_data/sample_742_Lactarius_deliciosus_stipe.npy,Lactarius_deliciosus,stipe
spectra_data/sample_743_Lactarius_deliciosus_gills.npy,Lactarius_deliciosus,gills
spectra_data/sample_744_Lactarius_deliciosus_gills.npy,Lactarius_deliciosus,gills
spectra_data/sample_745_Lactarius_deliciosus_gills.npy,Lactarius_deliciosus,gills
spectra_data/sample_746_Lactarius_deliciosus_stipe.npy,Lactarius_deliciosus,stipe
spectra_data/sample_747_Lactarius_deliciosus_cap.npy,Lactarius_deliciosus,cap
spectra_data/sample_748_Lactarius_deliciosus_stipe.npy,Lactarius_deliciosus,stipe
spectra_data/sample_749_Lactarius_deliciosus_gills.npy,Lactarius_deliciosus,gills
spectra_data/sample_750_Lactarius_deliciosus_gills.npy,Lactarius_deliciosus,gills
spectra_data/sample_751_Lactarius_deliciosus_cap.npy,Lactarius_deliciosus,cap
spectra_data/sample_752_Lactarius_deliciosus_cap.npy,Lactarius_deliciosus,cap
spectra_data/sample_753_Lactarius_deliciosus_stipe.npy,Lactarius_deliciosus,stipe
spectra_data/sample_754_Lactarius_deliciosus_gills.npy,Lactarius_deliciosus,gills
spectra_data/sample_755_Lactarius_deliciosus_cap.npy,Lactarius_deliciosus,cap
spectra_data/sample_756_Lactarius_deliciosus_cap.npy,Lactarius_deliciosus,cap
spectra_data/sample_757_Lactarius_deliciosus_gills.npy,Lactarius_deliciosus,gills
spectra_data/sample_758_Lactarius_deliciosus_stipe.npy,Lactarius_deliciosus,stipe
spectra_data/sample_759_Lactarius_deliciosus_gills.npy,Lactarius_deliciosus,gills
spectra_data/sample_760_Lactarius_deliciosus_stipe.npy,Lactarius_deliciosus,stipe
spectra_data/sample_761_Lactarius_piperatus_stipe.npy,Lactarius_piperatus,stipe
spectra_data/sample_762_Lactarius_piperatus_stipe.npy,Lactarius_piperatus,stipe
spectra_data/sample_763_Lactarius_piperatus_gills.npy,Lactarius_piperatus,gills
spectra_data/sample_764_Lactarius_piperatus_gills.npy,Lactarius_piperatus,gills
spectra_data/sample_765_Lactarius_piperatus_cap.npy,Lactarius_piperatus,cap
spectra_data/sample_766_Lactarius_piperatus_cap.npy,Lactarius_piperatus,cap
spectra_data/sample_767_Lactarius_piperatus_stipe.npy,Lactarius_piperatus,stipe
spectra_data/sample_768_Lactarius_piperatus_gills.npy,Lactarius_piperatus,gills
spectra_data/sample_769_Lactarius_piperatus_stipe.npy,Lactarius_piperatus,stipe
spectra_data/sample_770_Lactarius_piperatus_cap.npy,Lactarius_piperatus,cap
spectra_data/sample_771_Lactarius_piperatus_gills.npy,Lactarius_piperatus,gills
spectra_data/sample_772_Lactarius_piperatus_stipe.npy,Lactarius_piperatus,stipe
spectra_data/sample_773_Lactarius_piperatus_stipe.npy,Lactarius_piperatus,stipe
spectra_data/sample_774_Lactarius_piperatus_stipe.npy,Lactarius_piperatus,stipe
spectra_data/sample_775_Lactarius_piperatus_cap.npy,Lactarius_piperatus,cap
spectra_data/sample_776_Lactarius_piperatus_gills.npy,Lactarius_piperatus,gills
spectra_data/sample_777_Lactarius_piperatus_cap.npy,Lactarius_piperatus,cap
spectra_data/sample_778_Lactarius_piperatus_cap.npy,Lactarius_piperatus,cap
spectra_data/sample_779_Lactarius_piperatus_cap.npy,Lactarius_piperatus,cap
spectra_data/sample_780_Lactarius_piperatus_gills.npy,Lactarius_piperatus,gills
spectra_data/sample_781_Lactarius_piperatus_cap.npy,Lactarius_piperatus,cap
spectra_data/sample_782_Lactarius_piperatus_stipe.npy,Lactarius_piperatus,stipe
spectra_data/sample_783_Lactarius_piperatus_gills.npy,Lactarius_piperatus,gills
spectra_data/sample_784_Lactarius_piperatus_cap.npy,Lactarius_piperatus,cap
spectra_data/sample_785_Lactarius_piperatus_stipe.npy,Lactarius_piperatus,stipe
spectra_data/sample_786_Lactarius_piperatus_gills.npy,Lactarius_piperatus,gills
spectra_data/sample_787_Lactarius_piperatus_gills.npy,Lactarius_piperatus,gills
spectra_data/sample_788_Lactarius_piperatus_stipe.npy,Lactarius_piperatus,stipe
spectra_data/sample_789_Lactarius_piperatus_cap.npy,Lactarius_piperatus,cap
spectra_data/sample_790_Lactarius_piperatus_gills.npy,Lactarius_piperatus,gills
spectra_data/sample_791_Lactarius_quietus_cap.npy,Lactarius_quietus,cap
spectra_data/sample_792_Lactarius_quietus_stipe.npy,Lactarius_quietus,stipe
spectra_data/sample_793_Lactarius_quietus_cap.npy,Lactarius_quietus,cap
spectra_data/sample_794_Lactarius_quietus_gills.npy,Lactarius_quietus,gills
spectra_data/sample_795_Lactarius_quietus_stipe.npy,Lactarius_quietus,stipe
spectra_data/sample_796_Lactarius_quietus_gills.npy,Lactarius_quietus,gills
spectra_data/sample_797_Lactarius_quietus_stipe.npy,Lactarius_quietus,stipe
spectra_data/sample_798_Lactarius_quietus_stipe.npy,Lactarius_quietus,stipe
spectra_data/sample_799_Lactarius_quietus_gills.npy,Lactarius_quietus,gills
spectra_data/sample_800_Lactarius_quietus_cap.npy,Lactarius_quietus,cap
spectra_data/sample_801_Lactarius_quietus_stipe.npy,Lactarius_quietus,stipe
spectra_data/sample_802_Lactarius_quietus_stipe.npy,Lactarius_quietus,stipe
spectra_data/sample_803_Lactarius_quietus_cap.npy,Lactarius_quietus,cap
spectra_data/sample_804_Lactarius_quietus_gills.npy,Lactarius_quietus,gills
spectra_data/sample_805_Lactarius_quietus_gills.npy,Lactarius_quietus,gills
spectra_data/sample_806_Lactarius_quietus_stipe.npy,Lactarius_quietus,stipe
spectra_data/sample_807_Lactarius_quietus_gills.npy,Lactarius_quietus,gills
spectra_data/sample_808_Lactarius_quietus_cap.npy,Lactarius_quietus,cap
spectra_data/sample_809_Lactarius_quietus_cap.npy,Lactarius_quietus,cap
spectra_data/sample_810_Lactarius_quietus_cap.npy,Lactarius_quietus,cap
spectra_data/sample_811_Lactarius_quietus_gills.npy,Lactarius_quietus,gills
spectra_data/sample_812_Lactarius_quietus_gills.npy,Lactarius_quietus,gills
spectra_data/sample_813_Lactarius_quietus_cap.npy,Lactarius_quietus,cap
spectra_data/sample_814_Lactarius_quietus_cap.npy,Lactarius_quietus,cap
spectra_data/sample_815_Lactarius_quietus_stipe.npy,Lactarius_quietus,stipe
spectra_data/sample_816_Lactarius_quietus_cap.npy,Lactarius_quietus,cap
spectra_data/sample_817_Lactarius_quietus_gills.npy,Lactarius_quietus,gills
spectra_data/sample_818_Lactarius_quietus_stipe.npy,Lactarius_quietus,stipe
spectra_data/sample_819_Lactarius_quietus_gills.npy,Lactarius_quietus,gills
spectra_data/sample_820_Lactarius_quietus_stipe.npy,Lactarius_quietus,stipe
spectra_data/sample_821_Leccinium_aurantiacum_stipe.npy,Leccinium_aurantiacum,stipe
spectra_data/sample_822_Leccinium_aurantiacum_cap.npy,Leccinium_aurantiacum,cap
spectra_data/sample_823_Leccinium_aurantiacum_gills.npy,Leccinium_aurantiacum,gills
spectra_data/sample_824_Leccinium_aurantiacum_cap.npy,Leccinium_aurantiacum,cap
spectra_data/sample_825_Leccinium_aurantiacum_cap.npy,Leccinium_aurantiacum,cap
spectra_data/sample_826_Leccinium_aurantiacum_stipe.npy,Leccinium_aurantiacum,stipe
spectra_data/sample_827_Leccinium_aurantiacum_cap.npy,Leccinium_aurantiacum,cap
spectra_data/sample_828_Leccinium_aurantiacum_gills.npy,Leccinium_aurantiacum,gills
spectra_data/sample_829_Leccinium_aurantiacum_gills.npy,Leccinium_aurantiacum,gills
spectra_data/sample_830_Leccinium_aurantiacum_stipe.npy,Leccinium_aurantiacum,stipe
spectra_data/sample_831_Leccinium_aurantiacum_gills.npy,Leccinium_aurantiacum,gills
spectra_data/sample_832_Leccinium_aurantiacum_cap.npy,Leccinium_aurantiacum,cap
spectra_data/sample_833_Leccinium_aurantiacum_gills.npy,Leccinium_aurantiacum,gills
spectra_data/sample_834_Leccinium_aurantiacum_stipe.npy,Leccinium_aurantiacum,stipe
spectra_data/sample_835_Leccinium_aurantiacum_stipe.npy,Leccinium_aurantiacum,stipe
spectra_data/sample_836_Leccinium_aurantiacum_stipe.npy,Leccinium_aurantiacum,stipe
spectra_data/sample_837_Leccinium_aurantiacum_cap.npy,Leccinium_aurantiacum,cap
spectra_data/sample_838_Leccinium_aurantiacum_cap.npy,Leccinium_aurantiacum,cap
spectra_data/sample_839_Leccinium_aurantiacum_gills.npy,Leccinium_aurantiacum,gills
spectra_data/sample_840_Leccinium_aurantiacum_stipe.npy,Leccinium_aurantiacum,stipe
spectra_data/sample_841_Leccinium_aurantiacum_cap.npy,Leccinium_aurantiacum,cap
spectra_data/sample_842_Leccinium_aurantiacum_cap.npy,Leccinium_aurantiacum,cap
spectra_data/sample_843_Leccinium_aurantiacum_gills.npy,Leccinium_aurantiacum,gills
spectra_data/sample_844_Leccinium_aurantiacum_gills.npy,Leccinium_aurantiacum,gills
spectra_data/sample_845_Leccinium_aurantiacum_stipe.npy,Leccinium_aurantiacum,stipe
spectra_data/sample_846_Leccinium_aurantiacum_stipe.npy,Leccinium_aurantiacum,stipe
spectra_data/sample_847_Leccinium_aurantiacum_gills.npy,Leccinium_aurantiacum,gills
spectra_data/sample_848_Leccinium_aurantiacum_cap.npy,Leccinium_aurantiacum,cap
spectra_data/sample_849_Leccinium_aurantiacum_gills.npy,Leccinium_aurantiacum,gills
spectra_data/sample_850_Leccinium_aurantiacum_stipe.npy,Leccinium_aurantiacum,stipe
spectra_data/sample_851_Cortinarius_armillatus_cap.npy,Cortinarius_armillatus,cap
spectra_data/sample_852_Cortinarius_armillatus_stipe.npy,Cortinarius_armillatus,stipe
spectra_data/sample_853_Cortinarius_armillatus_gills.npy,Cortinarius_armillatus,gills
spectra_data/sample_854_Cortinarius_armillatus_cap.npy,Cortinarius_armillatus,cap
spectra_data/sample_855_Cortinarius_armillatus_gills.npy,Cortinarius_armillatus,gills
spectra_data/sample_856_Cortinarius_armillatus_cap.npy,Cortinarius_armillatus,cap
spectra_data/sample_857_Cortinarius_armillatus_gills.npy,Cortinarius_armillatus,gills
spectra_data/sample_858_Cortinarius_armillatus_stipe.npy,Cortinarius_armillatus,stipe
spectra_data/sample_859_Cortinarius_armillatus_gills.npy,Cortinarius_armillatus,gills
spectra_data/sample_860_Cortinarius_armillatus_gills.npy,Cortinarius_armillatus,gills
spectra_data/sample_861_Cortinarius_armillatus_stipe.npy,Cortinarius_armillatus,stipe
spectra_data/sample_862_Cortinarius_armillatus_stipe.npy,Cortinarius_armillatus,stipe
spectra_data/sample_863_Cortinarius_armillatus_gills.npy,Cortinarius_armillatus,gills
spectra_data/sample_864_Cortinarius_armillatus_cap.npy,Cortinarius_armillatus,cap
spectra_data/sample_865_Cortinarius_armillatus_cap.npy,Cortinarius_armillatus,cap
spectra_data/sample_866_Cortinarius_armillatus_cap.npy,Cortinarius_armillatus,cap
spectra_data/sample_867_Cortinarius_armillatus_cap.npy,Cortinarius_armillatus,cap
spectra_data/sample_868_Cortinarius_armillatus_cap.npy,Cortinarius_armillatus,cap
spectra_data/sample_869_Cortinarius_armillatus_gills.npy,Cortinarius_armillatus,gills
spectra_data/sample_870_Cortinarius_armillatus_stipe.npy,Cortinarius_armillatus,stipe
spectra_data/sample_871_Cortinarius_armillatus_cap.npy,Cortinarius_armillatus,cap
spectra_data/sample_872_Cortinarius_armillatus_stipe.npy,Cortinarius_armillatus,stipe
spectra_data/sample_873_Cortinarius_armillatus_cap.npy,Cortinarius_armillatus,cap
spectra_data/sample_874_Cortinarius_armillatus_stipe.npy,Cortinarius_armillatus,stipe
spectra_data/sample_875_Cortinarius_armillatus_stipe.npy,Cortinarius_armillatus,stipe
spectra_data/sample_876_Cortinarius_armillatus_gills.npy,Cortinarius_armillatus,gills
spectra_data/sample_877_Cortinarius_armillatus_gills.npy,Cortinarius_armillatus,gills
spectra_data/sample_878_Cortinarius_armillatus_stipe.npy,Cortinarius_armillatus,stipe
spectra_data/sample_879_Cortinarius_armillatus_stipe.npy,Cortinarius_armillatus,stipe
spectra_data/sample_880_Cortinarius_armillatus_gills.npy,Cortinarius_armillatus,gills
spectra_data/sample_881_Kuehneromyces_mutabilis_stipe.npy,Kuehneromyces_mutabilis,stipe
spectra_data/sample_882_Kuehneromyces_mutabilis_cap.npy,Kuehneromyces_mutabilis,cap
spectra_data/sample_883_Kuehneromyces_mutabilis_cap.npy,Kuehneromyces_mutabilis,cap
spectra_data/sample_884_Kuehneromyces_mutabilis_gills.npy,Kuehneromyces_mutabilis,gills
spectra_data/sample_885_Kuehneromyces_mutabilis_gills.npy,Kuehneromyces_mutabilis,gills
spectra_data/sample_886_Kuehneromyces_mutabilis_gills.npy,Kuehneromyces_mutabilis,gills
spectra_data/sample_887_Kuehneromyces_mutabilis_stipe.npy,Kuehneromyces_mutabilis,stipe
spectra_data/sample_888_Kuehneromyces_mutabilis_stipe.npy,Kuehneromyces_mutabilis,stipe
spectra_data/sample_889_Kuehneromyces_mutabilis_cap.npy,Kuehneromyces_mutabilis,cap
spectra_data/sample_890_Kuehneromyces_mutabilis_gills.npy,Kuehneromyces_mutabilis,gills
spectra_data/sample_891_Kuehneromyces_mutabilis_cap.npy,Kuehneromyces_mutabilis,cap
spectra_data/sample_892_Kuehneromyces_mutabilis_cap.npy,Kuehneromyces_mutabilis,cap
spectra_data/sample_893_Kuehneromyces_mutabilis_stipe.npy,Kuehneromyces_mutabilis,stipe
spectra_data/sample_894_Kuehneromyces_mutabilis_stipe.npy,Kuehneromyces_mutabilis,stipe
spectra_data/sample_895_Kuehneromyces_mutabilis_gills.npy,Kuehneromyces_mutabilis,gills
spectra_data/sample_896_Kuehneromyces_mutabilis_stipe.npy,Kuehneromyces_mutabilis,stipe
spectra_data/sample_897_Kuehneromyces_mutabilis_cap.npy,Kuehneromyces_mutabilis,cap
spectra_data/sample_898_Kuehneromyces_mutabilis_stipe.npy,Kuehneromyces_mutabilis,stipe
spectra_data/sample_899_Kuehneromyces_mutabilis_cap.npy,Kuehneromyces_mutabilis,cap
spectra_data/sample_900_Kuehneromyces_mutabilis_cap.npy,Kuehneromyces_mutabilis,cap
spectra_data/sample_901_Kuehneromyces_mutabilis_gills.npy,Kuehneromyces_mutabilis,gills
spectra_data/sample_902_Kuehneromyces_mutabilis_stipe.npy,Kuehneromyces_mutabilis,stipe
spectra_data/sample_903_Kuehneromyces_mutabilis_stipe.npy,Kuehneromyces_mutabilis,stipe
spectra_data/sample_904_Kuehneromyces_mutabilis_stipe.npy,Kuehneromyces_mutabilis,stipe
spectra_data/sample_905_Kuehneromyces_mutabilis_gills.npy,Kuehneromyces_mutabilis,gills
spectra_data/sample_906_Kuehneromyces_mutabilis_gills.npy,Kuehneromyces_mutabilis,gills
spectra_data/sample_907_Kuehneromyces_mutabilis_gills.npy,Kuehneromyces_mutabilis,gills
spectra_data/sample_908_Kuehneromyces_mutabilis_cap.npy,Kuehneromyces_mutabilis,cap
spectra_data/sample_909_Kuehneromyces_mutabilis_cap.npy,Kuehneromyces_mutabilis,cap
spectra_data/sample_910_Gomphidius_glutinosus_stipe.npy,Gomphidius_glutinosus,stipe
spectra_data/sample_911_Gomphidius_glutinosus_cap.npy,Gomphidius_glutinosus,cap
spectra_data/sample_912_Gomphidius_glutinosus_cap.npy,Gomphidius_glutinosus,cap
spectra_data/sample_913_Gomphidius_glutinosus_cap.npy,Gomphidius_glutinosus,cap
spectra_data/sample_914_Gomphidius_glutinosus_stipe.npy,Gomphidius_glutinosus,stipe
spectra_data/sample_915_Gomphidius_glutinosus_stipe.npy,Gomphidius_glutinosus,stipe
spectra_data/sample_916_Gomphidius_glutinosus_gills.npy,Gomphidius_glutinosus,gills
spectra_data/sample_917_Gomphidius_glutinosus_gills.npy,Gomphidius_glutinosus,gills
spectra_data/sample_918_Gomphidius_glutinosus_cap.npy,Gomphidius_glutinosus,cap
spectra_data/sample_919_Gomphidius_glutinosus_cap.npy,Gomphidius_glutinosus,cap
spectra_data/sample_920_Gomphidius_glutinosus_stipe.npy,Gomphidius_glutinosus,stipe
spectra_data/sample_921_Gomphidius_glutinosus_cap.npy,Gomphidius_glutinosus,cap
spectra_data/sample_922_Gomphidius_glutinosus_gills.npy,Gomphidius_glutinosus,gills
spectra_data/sample_923_Gomphidius_glutinosus_stipe.npy,Gomphidius_glutinosus,stipe
spectra_data/sample_924_Gomphidius_glutinosus_gills.npy,Gomphidius_glutinosus,gills
spectra_data/sample_925_Gomphidius_glutinosus_stipe.npy,Gomphidius_glutinosus,stipe
spectra_data/sample_926_Gomphidius_glutinosus_stipe.npy,Gomphidius_glutinosus,stipe
spectra_data/sample_927_Gomphidius_glutinosus_gills.npy,Gomphidius_glutinosus,gills
spectra_data/sample_928_Gomphidius_glutinosus_gills.npy,Gomphidius_glutinosus,gills
spectra_data/sample_929_Gomphidius_glutinosus_gills.npy,Gomphidius_glutinosus,gills
spectra_data/sample_930_Gomphidius_glutinosus_cap.npy,Gomphidius_glutinosus,cap
spectra_data/sample_931_Gomphidius_glutinosus_stipe.npy,Gomphidius_glutinosus,stipe
spectra_data/sample_932_Gomphidius_glutinosus_gills.npy,Gomphidius_glutinosus,gills
spectra_data/sample_933_Gomphidius_glutinosus_stipe.npy,Gomphidius_glutinosus,stipe
spectra_data/sample_934_Gomphidius_glutinosus_gills.npy,Gomphidius_glutinosus,gills
spectra_data/sample_935_Gomphidius_glutinosus_cap.npy,Gomphidius_glutinosus,cap
spectra_data/sample_936_Gomphidius_glutinosus_cap.npy,Gomphidius_glutinosus,cap
spectra_data/sample_937_Gomphidius_glutinosus_stipe.npy,Gomphidius_glutinosus,stipe
spectra_data/sample_938_Gomphidius_glutinosus_gills.npy,Gomphidius_glutinosus,gills
spectra_data/sample_939_Gomphidius_glutinosus_cap.npy,Gomphidius_glutinosus,cap
spectra_data/sample_940_Mycetinis_scorodonius_cap.npy,Mycetinis_scorodonius,cap
spectra_data/sample_941_Mycetinis_scorodonius_cap.npy,Mycetinis_scorodonius,cap
spectra_data/sample_942_Mycetinis_scorodonius_gills.npy,Mycetinis_scorodonius,gills
spectra_data/sample_943_Mycetinis_scorodonius_gills.npy,Mycetinis_scorodonius,gills
spectra_data/sample_944_Mycetinis_scorodonius_stipe.npy,Mycetinis_scorodonius,stipe
spectra_data/sample_945_Mycetinis_scorodonius_gills.npy,Mycetinis_scorodonius,gills
spectra_data/sample_946_Mycetinis_scorodonius_cap.npy,Mycetinis_scorodonius,cap
spectra_data/sample_947_Mycetinis_scorodonius_stipe.npy,Mycetinis_scorodonius,stipe
spectra_data/sample_948_Mycetinis_scorodonius_stipe.npy,Mycetinis_scorodonius,stipe
spectra_data/sample_949_Mycetinis_scorodonius_gills.npy,Mycetinis_scorodonius,gills
spectra_data/sample_950_Mycetinis_scorodonius_cap.npy,Mycetinis_scorodonius,cap
spectra_data/sample_951_Mycetinis_scorodonius_stipe.npy,Mycetinis_scorodonius,stipe
spectra_data/sample_952_Mycetinis_scorodonius_gills.npy,Mycetinis_scorodonius,gills
spectra_data/sample_953_Mycetinis_scorodonius_gills.npy,Mycetinis_scorodonius,gills
spectra_data/sample_954_Mycetinis_scorodonius_cap.npy,Mycetinis_scorodonius,cap
spectra_data/sample_955_Mycetinis_scorodonius_cap.npy,Mycetinis_scorodonius,cap
spectra_data/sample_956_Mycetinis_scorodonius_stipe.npy,Mycetinis_scorodonius,stipe
spectra_data/sample_957_Mycetinis_scorodonius_cap.npy,Mycetinis_scorodonius,cap
spectra_data/sample_958_Mycetinis_scorodonius_gills.npy,Mycetinis_scorodonius,gills
spectra_data/sample_959_Mycetinis_scorodonius_stipe.npy,Mycetinis_scorodonius,stipe
spectra_data/sample_960_Mycetinis_scorodonius_cap.npy,Mycetinis_scorodonius,cap
spectra_data/sample_961_Mycetinis_scorodonius_stipe.npy,Mycetinis_scorodonius,stipe
spectra_data/sample_962_Mycetinis_scorodonius_gills.npy,Mycetinis_scorodonius,gills
spectra_data/sample_963_Mycetinis_scorodonius_gills.npy,Mycetinis_scorodonius,gills
spectra_data/sample_964_Mycetinis_scorodonius_stipe.npy,Mycetinis_scorodonius,stipe
spectra_data/sample_965_Mycetinis_scorodonius_cap.npy,Mycetinis_scorodonius,cap
spectra_data/sample_966_Mycetinis_scorodonius_gills.npy,Mycetinis_scorodonius,gills
spectra_data/sample_967_Mycetinis_scorodonius_cap.npy,Mycetinis_scorodonius,cap
spectra_data/sample_968_Psathyella_candolleana_stipe.npy,Psathyella_candolleana,stipe
spectra_data/sample_969_Psathyella_candolleana_cap.npy,Psathyella_candolleana,cap
spectra_data/sample_970_Psathyella_candolleana_cap.npy,Psathyella_candolleana,cap
spectra_data/sample_971_Psathyella_candolleana_gills.npy,Psathyella_candolleana,gills
spectra_data/sample_972_Psathyella_candolleana_stipe.npy,Psathyella_candolleana,stipe
spectra_data/sample_973_Psathyella_candolleana_stipe.npy,Psathyella_candolleana,stipe
spectra_data/sample_974_Psathyella_candolleana_gills.npy,Psathyella_candolleana,gills
spectra_data/sample_975_Psathyella_candolleana_gills.npy,Psathyella_candolleana,gills
spectra_data/sample_976_Psathyella_candolleana_gills.npy,Psathyella_candolleana,gills
spectra_data/sample_977_Psathyella_candolleana_gills.npy,Psathyella_candolleana,gills
spectra_data/sample_978_Psathyella_candolleana_gills.npy,Psathyella_candolleana,gills
spectra_data/sample_979_Psathyella_candolleana_stipe.npy,Psathyella_candolleana,stipe
spectra_data/sample_980_Psathyella_candolleana_cap.npy,Psathyella_candolleana,cap
spectra_data/sample_981_Psathyella_candolleana_stipe.npy,Psathyella_candolleana,stipe
spectra_data/sample_982_Psathyella_candolleana_stipe.npy,Psathyella_candolleana,stipe
spectra_data/sample_983_Psathyella_candolleana_gills.npy,Psathyella_candolleana,gills
spectra_data/sample_984_Psathyella_candolleana_cap.npy,Psathyella_candolleana,cap
spectra_data/sample_985_Psathyella_candolleana_gills.npy,Psathyella_candolleana,gills
spectra_data/sample_986_Psathyella_candolleana_stipe.npy,Psathyella_candolleana,stipe
spectra_data/sample_987_Psathyella_candolleana_cap.npy,Psathyella_candolleana,cap
spectra_data/sample_988_Psathyella_candolleana_cap.npy,Psathyella_candolleana,cap
spectra_data/sample_989_Psathyella_candolleana_cap.npy,Psathyella_candolleana,cap
spectra_data/sample_990_Psathyella_candolleana_cap.npy,Psathyella_candolleana,cap
spectra_data/sample_991_Psathyella_candolleana_cap.npy,Psathyella_candolleana,cap
spectra_data/sample_992_Psathyella_candolleana_gills.npy,Psathyella_candolleana,gills
spectra_data/sample_993_Psathyella_candolleana_gills.npy,Psathyella_candolleana,gills
spectra_data/sample_994_Psathyella_candolleana_stipe.npy,Psathyella_candolleana,stipe
spectra_data/sample_995_Psathyella_candolleana_stipe.npy,Psathyella_candolleana,stipe
spectra_data/sample_996_Psathyella_candolleana_cap.npy,Psathyella_candolleana,cap
spectra_data/sample_997_Psathyella_candolleana_stipe.npy,Psathyella_candolleana,stipe
spectra_data/sample_998_Leucocoprinus_ianthinus_stipe.npy,Leucocoprinus_ianthinus,stipe
spectra_data/sample_999_Leucocoprinus_ianthinus_gills.npy,Leucocoprinus_ianthinus,gills
spectra_data/sample_1000_Leucocoprinus_ianthinus_stipe.npy,Leucocoprinus_ianthinus,stipe
spectra_data/sample_1001_Leucocoprinus_ianthinus_cap.npy,Leucocoprinus_ianthinus,cap
spectra_data/sample_1002_Leucocoprinus_ianthinus_cap.npy,Leucocoprinus_ianthinus,cap
spectra_data/sample_1003_Leucocoprinus_ianthinus_stipe.npy,Leucocoprinus_ianthinus,stipe
spectra_data/sample_1004_Leucocoprinus_ianthinus_cap.npy,Leucocoprinus_ianthinus,cap
spectra_data/sample_1005_Leucocoprinus_ianthinus_cap.npy,Leucocoprinus_ianthinus,cap
spectra_data/sample_1006_Leucocoprinus_ianthinus_stipe.npy,Leucocoprinus_ianthinus,stipe
spectra_data/sample_1007_Leucocoprinus_ianthinus_cap.npy,Leucocoprinus_ianthinus,cap
spectra_data/sample_1008_Leucocoprinus_ianthinus_stipe.npy,Leucocoprinus_ianthinus,stipe
spectra_data/sample_1009_Leucocoprinus_ianthinus_cap.npy,Leucocoprinus_ianthinus,cap
spectra_data/sample_1010_Leucocoprinus_ianthinus_gills.npy,Leucocoprinus_ianthinus,gills
spectra_data/sample_1011_Leucocoprinus_ianthinus_cap.npy,Leucocoprinus_ianthinus,cap
spectra_data/sample_1012_Leucocoprinus_ianthinus_gills.npy,Leucocoprinus_ianthinus,gills
spectra_data/sample_1013_Leucocoprinus_ianthinus_gills.npy,Leucocoprinus_ianthinus,gills
spectra_data/sample_1014_Leucocoprinus_ianthinus_gills.npy,Leucocoprinus_ianthinus,gills
spectra_data/sample_1015_Leucocoprinus_ianthinus_stipe.npy,Leucocoprinus_ianthinus,stipe
spectra_data/sample_1016_Leucocoprinus_ianthinus_gills.npy,Leucocoprinus_ianthinus,gills
spectra_data/sample_1017_Leucocoprinus_ianthinus_stipe.npy,Leucocoprinus_ianthinus,stipe
spectra_data/sample_1018_Leucocoprinus_ianthinus_stipe.npy,Leucocoprinus_ianthinus,stipe
spectra_data/sample_1019_Leucocoprinus_ianthinus_cap.npy,Leucocoprinus_ianthinus,cap
spectra_data/sample_1020_Leucocoprinus_ianthinus_gills.npy,Leucocoprinus_ianthinus,gills
spectra_data/sample_1021_Leucocoprinus_ianthinus_gills.npy,Leucocoprinus_ianthinus,gills
spectra_data/sample_1022_Leucocoprinus_ianthinus_stipe.npy,Leucocoprinus_ianthinus,stipe
spectra_data/sample_1023_Leucocoprinus_ianthinus_stipe.npy,Leucocoprinus_ianthinus,stipe
spectra_data/sample_1024_Leucocoprinus_ianthinus_gills.npy,Leucocoprinus_ianthinus,gills
spectra_data/sample_1025_Leucocoprinus_ianthinus_gills.npy,Leucocoprinus_ianthinus,gills
spectra_data/sample_1026_Leucocoprinus_ianthinus_cap.npy,Leucocoprinus_ianthinus,cap
spectra_data/sample_1027_Lactarius_glyciosmus_stipe.npy,Lactarius_glyciosmus,stipe
spectra_data/sample_1028_Lactarius_glyciosmus_gills.npy,Lactarius_glyciosmus,gills
spectra_data/sample_1029_Lactarius_glyciosmus_cap.npy,Lactarius_glyciosmus,cap
spectra_data/sample_1030_Lactarius_glyciosmus_stipe.npy,Lactarius_glyciosmus,stipe
spectra_data/sample_1031_Lactarius_glyciosmus_stipe.npy,Lactarius_glyciosmus,stipe
spectra_data/sample_1032_Lactarius_glyciosmus_gills.npy,Lactarius_glyciosmus,gills
spectra_data/sample_1033_Lactarius_glyciosmus_stipe.npy,Lactarius_glyciosmus,stipe
spectra_data/sample_1034_Lactarius_glyciosmus_cap.npy,Lactarius_glyciosmus,cap
spectra_data/sample_1035_Lactarius_glyciosmus_stipe.npy,Lactarius_glyciosmus,stipe
spectra_data/sample_1036_Lactarius_glyciosmus_gills.npy,Lactarius_glyciosmus,gills
spectra_data/sample_1037_Lactarius_glyciosmus_stipe.npy,Lactarius_glyciosmus,stipe
spectra_data/sample_1038_Lactarius_glyciosmus_gills.npy,Lactarius_glyciosmus,gills
spectra_data/sample_1039_Lactarius_glyciosmus_gills.npy,Lactarius_glyciosmus,gills
spectra_data/sample_1040_Lactarius_glyciosmus_cap.npy,Lactarius_glyciosmus,cap
spectra_data/sample_1041_Lactarius_glyciosmus_gills.npy,Lactarius_glyciosmus,gills
spectra_data/sample_1042_Lactarius_glyciosmus_cap.npy,Lactarius_glyciosmus,cap
spectra_data/sample_1043_Lactarius_glyciosmus_gills.npy,Lactarius_glyciosmus,gills
spectra_data/sample_1044_Lactarius_glyciosmus_cap.npy,Lactarius_glyciosmus,cap
spectra_data/sample_1045_Lactarius_glyciosmus_cap.npy,Lactarius_glyciosmus,cap
spectra_data/sample_1046_Lactarius_glyciosmus_cap.npy,Lactarius_glyciosmus,cap
spectra_data/sample_1047_Lactarius_glyciosmus_stipe.npy,Lactarius_glyciosmus,stipe
spectra_data/sample_1048_Lactarius_glyciosmus_gills.npy,Lactarius_glyciosmus,gills
spectra_data/sample_1049_Lactarius_glyciosmus_cap.npy,Lactarius_glyciosmus,cap
spectra_data/sample_1050_Lactarius_glyciosmus_cap.npy,Lactarius_glyciosmus,cap
spectra_data/sample_1051_Lactarius_glyciosmus_cap.npy,Lactarius_glyciosmus,cap
spectra_data/sample_1052_Lactarius_glyciosmus_stipe.npy,Lactarius_glyciosmus,stipe
spectra_data/sample_1053_Lactarius_glyciosmus_gills.npy,Lactarius_glyciosmus,gills
spectra_data/sample_1054_Lactarius_glyciosmus_stipe.npy,Lactarius_glyciosmus,stipe
spectra_data/sample_1055_Lactarius_glyciosmus_gills.npy,Lactarius_glyciosmus,gills
spectra_data/sample_1056_Lactarius_glyciosmus_stipe.npy,Lactarius_glyciosmus,stipe
spectra_data/sample_1057_Pholoita_flammans_cap.npy,Pholoita_flammans,cap
spectra_data/sample_1058_Pholoita_flammans_cap.npy,Pholoita_flammans,cap
spectra_data/sample_1059_Pholoita_flammans_stipe.npy,Pholoita_flammans,stipe
spectra_data/sample_1060_Pholoita_flammans_stipe.npy,Pholoita_flammans,stipe
spectra_data/sample_1061_Pholoita_flammans_cap.npy,Pholoita_flammans,cap
spectra_data/sample_1062_Pholoita_flammans_gills.npy,Pholoita_flammans,gills
spectra_data/sample_1063_Pholoita_flammans_gills.npy,Pholoita_flammans,gills
spectra_data/sample_1064_Pholoita_flammans_cap.npy,Pholoita_flammans,cap
spectra_data/sample_1065_Pholoita_flammans_cap.npy,Pholoita_flammans,cap
spectra_data/sample_1066_Pholoita_flammans_cap.npy,Pholoita_flammans,cap
spectra_data/sample_1067_Pholoita_flammans_cap.npy,Pholoita_flammans,cap
spectra_data/sample_1068_Pholoita_flammans_gills.npy,Pholoita_flammans,gills
spectra_data/sample_1069_Pholoita_flammans_stipe.npy,Pholoita_flammans,stipe
spectra_data/sample_1070_Pholoita_flammans_stipe.npy,Pholoita_flammans,stipe
spectra_data/sample_1071_Pholoita_flammans_gills.npy,Pholoita_flammans,gills
spectra_data/sample_1072_Pholoita_flammans_stipe.npy,Pholoita_flammans,stipe
spectra_data/sample_1073_Pholoita_flammans_gills.npy,Pholoita_flammans,gills
spectra_data/sample_1074_Pholoita_flammans_gills.npy,Pholoita_flammans,gills
spectra_data/sample_1075_Pholoita_flammans_stipe.npy,Pholoita_flammans,stipe
spectra_data/sample_1076_Pholoita_flammans_cap.npy,Pholoita_flammans,cap
spectra_data/sample_1077_Pholoita_flammans_cap.npy,Pholoita_flammans,cap
spectra_data/sample_1078_Pholoita_flammans_stipe.npy,Pholoita_flammans,stipe
spectra_data/sample_1079_Pholoita_flammans_gills.npy,Pholoita_flammans,gills
spectra_data/sample_1080_Pholoita_flammans_stipe.npy,Pholoita_flammans,stipe
spectra_data/sample_1081_Pholoita_flammans_gills.npy,Pholoita_flammans,gills
spectra_data/sample_1082_Pholoita_flammans_stipe.npy,Pholoita_flammans,stipe
spectra_data/sample_1083_Pholoita_flammans_gills.npy,Pholoita_flammans,gills
spectra_data/sample_1084_Pholoita_flammans_gills.npy,Pholoita_flammans,gills
spectra_data/sample_1085_Pholoita_flammans_stipe.npy,Pholoita_flammans,stipe
spectra_data/sample_1086_Agaricus_campestris_gills.npy,Agaricus_campestris,gills
spectra_data/sample_1087_Agaricus_campestris_cap.npy,Agaricus_campestris,cap
spectra_data/sample_1088_Agaricus_campestris_stipe.npy,Agaricus_campestris,stipe
spectra_data/sample_1089_Agaricus_campestris_gills.npy,Agaricus_campestris,gills
spectra_data/sample_1090_Agaricus_campestris_gills.npy,Agaricus_campestris,gills
spectra_data/sample_1091_Agaricus_campestris_stipe.npy,Agaricus_campestris,stipe
spectra_data/sample_1092_Agaricus_campestris_cap.npy,Agaricus_campestris,cap
spectra_data/sample_1093_Agaricus_campestris_gills.npy,Agaricus_campestris,gills
spectra_data/sample_1094_Agaricus_campestris_cap.npy,Agaricus_campestris,cap
spectra_data/sample_1095_Agaricus_campestris_cap.npy,Agaricus_campestris,cap
spectra_data/sample_1096_Agaricus_campestris_stipe.npy,Agaricus_campestris,stipe
spectra_data/sample_1097_Agaricus_campestris_cap.npy,Agaricus_campestris,cap
spectra_data/sample_1098_Agaricus_campestris_gills.npy,Agaricus_campestris,gills
spectra_data/sample_1099_Agaricus_campestris_stipe.npy,Agaricus_campestris,stipe
spectra_data/sample_1100_Agaricus_campestris_gills.npy,Agaricus_campestris,gills
spectra_data/sample_1101_Agaricus_campestris_cap.npy,Agaricus_campestris,cap
spectra_data/sample_1102_Agaricus_campestris_stipe.npy,Agaricus_campestris,stipe
spectra_data/sample_1103_Agaricus_campestris_stipe.npy,Agaricus_campestris,stipe
spectra_data/sample_1104_Agaricus_campestris_cap.npy,Agaricus_campestris,cap
spectra_data/sample_1105_Agaricus_campestris_stipe.npy,Agaricus_campestris,stipe
spectra_data/sample_1106_Agaricus_campestris_cap.npy,Agaricus_campestris,cap
spectra_data/sample_1107_Agaricus_campestris_cap.npy,Agaricus_campestris,cap
spectra_data/sample_1108_Agaricus_campestris_gills.npy,Agaricus_campestris,gills
spectra_data/sample_1109_Agaricus_campestris_stipe.npy,Agaricus_campestris,stipe
spectra_data/sample_1110_Agaricus_campestris_gills.npy,Agaricus_campestris,gills
spectra_data/sample_1111_Agaricus_campestris_gills.npy,Agaricus_campestris,gills
spectra_data/sample_1112_Agaricus_campestris_stipe.npy,Agaricus_campestris,stipe
spectra_data/sample_1113_Agaricus_campestris_cap.npy,Agaricus_campestris,cap
spectra_data/sample_1114_Agaricus_campestris_gills.npy,Agaricus_campestris,gills
spectra_data/sample_1115_Agaricus_campestris_stipe.npy,Agaricus_campestris,stipe
spectra_data/sample_1116_Russula_claroflava_gills.npy,Russula_claroflava,gills
spectra_data/sample_1117_Russula_claroflava_stipe.npy,Russula_claroflava,stipe
spectra_data/sample_1118_Russula_claroflava_stipe.npy,Russula_claroflava,stipe
spectra_data/sample_1119_Russula_claroflava_cap.npy,Russula_claroflava,cap
spectra_data/sample_1120_Russula_claroflava_stipe.npy,Russula_claroflava,stipe
spectra_data/sample_1121_Russula_claroflava_cap.npy,Russula_claroflava,cap
spectra_data/sample_1122_Russula_claroflava_stipe.npy,Russula_claroflava,stipe
spectra_data/sample_1123_Russula_claroflava_cap.npy,Russula_claroflava,cap
spectra_data/sample_1124_Russula_claroflava_gills.npy,Russula_claroflava,gills
spectra_data/sample_1125_Russula_claroflava_cap.npy,Russula_claroflava,cap
spectra_data/sample_1126_Russula_claroflava_gills.npy,Russula_claroflava,gills
spectra_data/sample_1127_Russula_claroflava_stipe.npy,Russula_claroflava,stipe
spectra_data/sample_1128_Russula_claroflava_stipe.npy,Russula_claroflava,stipe
spectra_data/sample_1129_Russula_claroflava_gills.npy,Russula_claroflava,gills
spectra_data/sample_1130_Russula_claroflava_cap.npy,Russula_claroflava,cap
spectra_data/sample_1131_Russula_claroflava_cap.npy,Russula_claroflava,cap
spectra_data/sample_1132_Russula_claroflava_stipe.npy,Russula_claroflava,stipe
spectra_data/sample_1133_Russula_claroflava_stipe.npy,Russula_claroflava,stipe
spectra_data/sample_1134_Russula_claroflava_gills.npy,Russula_claroflava,gills
spectra_data/sample_1135_Russula_claroflava_cap.npy,Russula_claroflava,cap
spectra_data/sample_1136_Russula_claroflava_cap.npy,Russula_claroflava,cap
spectra_data/sample_1137_Russula_claroflava_cap.npy,Russula_claroflava,cap
spectra_data/sample_1138_Russula_claroflava_gills.npy,Russula_claroflava,gills
spectra_data/sample_1139_Russula_claroflava_gills.npy,Russula_claroflava,gills
spectra_data/sample_1140_Russula_claroflava_gills.npy,Russula_claroflava,gills
spectra_data/sample_1141_Russula_claroflava_cap.npy,Russula_claroflava,cap
spectra_data/sample_1142_Russula_claroflava_gills.npy,Russula_claroflava,gills
spectra_data/sample_1143_Russula_claroflava_stipe.npy,Russula_claroflava,stipe
spectra_data/sample_1144_Russula_claroflava_stipe.npy,Russula_claroflava,stipe
spectra_data/sample_1145_Agaricus_silvicola_cap.npy,Agaricus_silvicola,cap
spectra_data/sample_1146_Agaricus_silvicola_stipe.npy,Agaricus_silvicola,stipe
spectra_data/sample_1147_Agaricus_silvicola_cap.npy,Agaricus_silvicola,cap
spectra_data/sample_1148_Agaricus_silvicola_cap.npy,Agaricus_silvicola,cap
spectra_data/sample_1149_Agaricus_silvicola_cap.npy,Agaricus_silvicola,cap
spectra_data/sample_1150_Agaricus_silvicola_stipe.npy,Agaricus_silvicola,stipe
spectra_data/sample_1151_Agaricus_silvicola_stipe.npy,Agaricus_silvicola,stipe
spectra_data/sample_1152_Agaricus_silvicola_gills.npy,Agaricus_silvicola,gills
spectra_data/sample_1153_Agaricus_silvicola_gills.npy,Agaricus_silvicola,gills
spectra_data/sample_1154_Agaricus_silvicola_gills.npy,Agaricus_silvicola,gills
spectra_data/sample_1155_Agaricus_silvicola_gills.npy,Agaricus_silvicola,gills
spectra_data/sample_1156_Agaricus_silvicola_cap.npy,Agaricus_silvicola,cap
spectra_data/sample_1157_Agaricus_silvicola_cap.npy,Agaricus_silvicola,cap
spectra_data/sample_1158_Agaricus_silvicola_gills.npy,Agaricus_silvicola,gills
spectra_data/sample_1159_Agaricus_silvicola_stipe.npy,Agaricus_silvicola,stipe
spectra_data/sample_1160_Agaricus_silvicola_stipe.npy,Agaricus_silvicola,stipe
spectra_data/sample_1161_Agaricus_silvicola_stipe.npy,Agaricus_silvicola,stipe
spectra_data/sample_1162_Agaricus_silvicola_cap.npy,Agaricus_silvicola,cap
spectra_data/sample_1163_Agaricus_silvicola_gills.npy,Agaricus_silvicola,gills
spectra_data/sample_1164_Agaricus_silvicola_gills.npy,Agaricus_silvicola,gills
spectra_data/sample_1165_Agaricus_silvicola_stipe.npy,Agaricus_silvicola,stipe
spectra_data/sample_1166_Agaricus_silvicola_cap.npy,Agaricus_silvicola,cap
spectra_data/sample_1167_Agaricus_silvicola_gills.npy,Agaricus_silvicola,gills
spectra_data/sample_1168_Agaricus_silvicola_cap.npy,Agaricus_silvicola,cap
spectra_data/sample_1169_Agaricus_silvicola_stipe.npy,Agaricus_silvicola,stipe
spectra_data/sample_1170_Agaricus_silvicola_stipe.npy,Agaricus_silvicola,stipe
spectra_data/sample_1171_Agaricus_silvicola_gills.npy,Agaricus_silvicola,gills
spectra_data/sample_1172_Agaricus_silvicola_cap.npy,Agaricus_silvicola,cap
spectra_data/sample_1173_Agaricus_silvicola_stipe.npy,Agaricus_silvicola,stipe
spectra_data/sample_1174_Agaricus_silvicola_gills.npy,Agaricus_silvicola,gills
spectra_data/sample_1175_Leccinium_scabrum_gills.npy,Leccinium_scabrum,gills
spectra_data/sample_1176_Leccinium_scabrum_stipe.npy,Leccinium_scabrum,stipe
spectra_data/sample_1177_Leccinium_scabrum_gills.npy,Leccinium_scabrum,gills
spectra_data/sample_1178_Leccinium_scabrum_gills.npy,Leccinium_scabrum,gills
spectra_data/sample_1179_Leccinium_scabrum_stipe.npy,Leccinium_scabrum,stipe
spectra_data/sample_1180_Leccinium_scabrum_stipe.npy,Leccinium_scabrum,stipe
spectra_data/sample_1181_Leccinium_scabrum_gills.npy,Leccinium_scabrum,gills
spectra_data/sample_1182_Leccinium_scabrum_gills.npy,Leccinium_scabrum,gills
spectra_data/sample_1183_Leccinium_scabrum_gills.npy,Leccinium_scabrum,gills
spectra_data/sample_1184_Leccinium_scabrum_stipe.npy,Leccinium_scabrum,stipe
spectra_data/sample_1185_Leccinium_scabrum_cap.npy,Leccinium_scabrum,cap
spectra_data/sample_1186_Leccinium_scabrum_stipe.npy,Leccinium_scabrum,stipe
spectra_data/sample_1187_Leccinium_scabrum_cap.npy,Leccinium_scabrum,cap
spectra_data/sample_1188_Leccinium_scabrum_gills.npy,Leccinium_scabrum,gills
spectra_data/sample_1189_Leccinium_scabrum_cap.npy,Leccinium_scabrum,cap
spectra_data/sample_1190_Leccinium_scabrum_stipe.npy,Leccinium_scabrum,stipe
spectra_data/sample_1191_Leccinium_scabrum_cap.npy,Leccinium_scabrum,cap
spectra_data/sample_1192_Leccinium_scabrum_cap.npy,Leccinium_scabrum,cap
spectra_data/sample_1193_Leccinium_scabrum_gills.npy,Leccinium_scabrum,gills
spectra_data/sample_1194_Leccinium_scabrum_cap.npy,Leccinium_scabrum,cap
spectra_data/sample_1195_Leccinium_scabrum_stipe.npy,Leccinium_scabrum,stipe
spectra_data/sample_1196_Leccinium_scabrum_stipe.npy,Leccinium_scabrum,stipe
spectra_data/sample_1197_Leccinium_scabrum_gills.npy,Leccinium_scabrum,gills
spectra_data/sample_1198_Leccinium_scabrum_stipe.npy,Leccinium_scabrum,stipe
spectra_data/sample_1199_Leccinium_scabrum_gills.npy,Leccinium_scabrum,gills
spectra_data/sample_1200_Leccinium_scabrum_stipe.npy,Leccinium_scabrum,stipe
spectra_data/sample_1201_Leccinium_scabrum_cap.npy,Leccinium_scabrum,cap
spectra_data/sample_1202_Leccinium_scabrum_cap.npy,Leccinium_scabrum,cap
spectra_data/sample_1203_Leccinium_scabrum_cap.npy,Leccinium_scabrum,cap
spectra_data/sample_1204_Leccinium_scabrum_cap.npy,Leccinium_scabrum,cap
